text	category	priority	website		logo
24seven	Frame manufacturer	10	http://www.leisurelakesbikes.com/bikes/bmx-bikes/b/24seven	
3G	Frame manufacturer	10	http://www.3gbikes.com/	
3T	Manufacturer	10		
3rd Eye	Manufacturer	10		
3rensho	Frame manufacturer	10		
45North	Manufacturer	10		
4ZA	Manufacturer	10		
6KU	Frame manufacturer	10	http://6kubikes.com	
9 zero 7	Frame manufacturer	10	https://www.facebook.com/9Zero7Bikes	
A-Class	Manufacturer	10		
A-bike	Frame manufacturer	10	http://www.a-bike.co.uk/	
A2B e-bikes	Frame manufacturer	10	http://www.wearea2b.com/us/	
ABI	Manufacturer	10		
ACS	Manufacturer	10		
AGang	Frame manufacturer	10	http://www.agang.eu	
ALAN	Frame manufacturer	10	http://www.alanbike.it/	
AMF	Frame manufacturer	10		
AXA	Manufacturer	10	http://www.axa-stenman.com/en/bicycle-components/locks/frame-locks/defender/	
Aardvark	Manufacturer	10		
Abici	Frame manufacturer	10	http://www.abici-italia.it/en/index.html	
Abus	Manufacturer	10	http://www.abus.com/eng/Mobile-Security/Bike-safety-and-security/Locks	
Accelerade	Manufacturer	10		
Accell	Frame manufacturer	10	http://www.accell-group.com/uk/accell-group.asp	
Access	Frame manufacturer	10	https://www.performancebike.com/	
Acros	Manufacturer	10		
Acstar	Frame manufacturer	10	http://www.acstar.cz/	
Adams (Trail a bike)	Frame manufacturer	10	http://www.trail-a-bike.com/	
Adolphe Clément	Frame manufacturer	10		
Adventure Medical Kits	Manufacturer	10		
Aegis	Frame manufacturer	10	http://www.aegisbicycles.com/home.html	
Aerofix Cycles	Frame manufacturer	10	http://www.aerofixcycles.com/	
Affinity Cycles	Frame manufacturer	10	http://affinitycycles.com/	
AheadSet	Manufacturer	10		
Airborne	Frame manufacturer	10	http://www.airbornebicycles.com/	
Aist Bicycles	Frame manufacturer	10	http://aist-bike.com/	
Aladdin	Manufacturer	10		
Alcyon	Frame manufacturer	10		
Alex	Manufacturer	10		
Alexander Leutner & Co.	Frame manufacturer	10		
Alien Bikes	Frame manufacturer	10	http://alienbikes.com/	
Alienation	Manufacturer	10		
Alite Designs	Manufacturer	10		
All City	Frame manufacturer	100	http://allcitycycles.com	https://files.bikeindex.org/uploads/Ma/371/all-city.png
Alldays & Onions	Frame manufacturer	10		
Alliance	Frame manufacturer	10	http://alliancebicycles.com/	
Alton	Frame manufacturer	10	http://altonus.com/	
American Bicycle Company	Frame manufacturer	10		
American Classic	Manufacturer	10		
American Machine and Foundry	Frame manufacturer	10		
American Star Bicycle	Frame manufacturer	10		
Amoeba	Frame manufacturer	10	http://www.amoebaparts.com/	
And	Manufacturer	10		
Andiamo	Manufacturer	10		
Answer BMX	Manufacturer	10		
Apollo	Frame manufacturer	10	http://www.apollobikes.com/	
Aqua Sphere	Manufacturer	10		
Aquamira	Manufacturer	10		
Arai	Manufacturer	10		
Argon 18	Frame manufacturer	10	http://www.argon18bike.com/velo.html	
Asama	Frame manufacturer	10	http://www.asamabicycles.com/	
Asda	Frame manufacturer	10	http://direct.asda.com/Bikes/AD080202,default,sc.html	
Assos	Manufacturer	10		
Atala	Frame manufacturer	10		
Atomlab	Frame manufacturer	10	http://www.atomlab.com/	
Author	Frame manufacturer	10	http://www.author.eu/	
Avalon	Frame manufacturer	10	http://www.walmart.com/	
Avanti	Frame manufacturer	10	http://www.avantibikes.com/nz/	
Aventón	Frame manufacturer	10	http://aventonbikes.com/	
Avid	Manufacturer	10		
Axiom	Manufacturer	10		
Axle Release	Manufacturer	10		
Azonic	Frame manufacturer	10	http://www.oneal.com/index.php/home/azonic-prime	
Azor	Frame manufacturer	10	http://www.azor.nl/	
Aztec	Manufacturer	10		
Azzuri	Frame manufacturer	10	http://www.azzurribikes.com/	
BCA	Manufacturer	10		
BH Bikes (Beistegui Hermanos)	Frame manufacturer	10	http://bhbikes-us.com	
BMC	Frame manufacturer	10	http://www.bmc-racing.com	
BOB	Manufacturer	10	http://www.bobgear.com/bike-trailers	
BONT	Manufacturer	10		
BOX	Manufacturer	10		
BSD	Manufacturer	10		
BULLITT	Frame manufacturer	10	http://www.larryvsharry.com/english/	
Bacchetta	Frame manufacturer	10	http://www.bacchettabikes.com/	
Backpacker's Pantry	Manufacturer	10		
Backward Circle	Frame manufacturer	10	http://www.backwardcircle.com/	
Bahco	Manufacturer	10		
Bailey	Frame manufacturer	10	http://www.bailey-bikes.com	
Baladeo	Manufacturer	10		
Bamboo Cycles	Frame manufacturer	10	http://bamboocycles.com/	
Banjo Brothers	Manufacturer	10		
Banshee bikes	Frame manufacturer	10	http://www.bansheebikes.com	
Bantam (Bantam Bicycle works)	Frame manufacturer	10	http://www.bantambicycles.com/	
Bar Mitts	Manufacturer	10		
Barracuda	Frame manufacturer	10	http://www.barracudabikes.co.uk/	
Basso	Frame manufacturer	10	http://www.bassobikes.com/	
Batavus	Frame manufacturer	10	http://www.batavus.com/	
Bazooka	Frame manufacturer	10	http://www.bazookasports.com/	
BeOne	Frame manufacturer	10	http://www.beone-bikes.com/	
Beater Bikes	Frame manufacturer	10	http://beaterbikes.net/	
Bell	Manufacturer	10		
Bellwether	Manufacturer	10		
Benotto	Frame manufacturer	10		
Bergamont	Frame manufacturer	10	http://www.bergamont.de/	
Bertucci	Manufacturer	10		
Bianchi	Frame manufacturer	500	http://www.bianchi.com/	
Bickerton	Frame manufacturer	10		
Bicycle Research	Manufacturer	10		
Big Agnes Inc	Manufacturer	10		
Big Shot	Frame manufacturer	10	http://www.bigshotbikes.com/	
Bike Fit Systems	Manufacturer	10		
Bike Friday	Frame manufacturer	10	http://bikefriday.com/	
Bike Mielec	Frame manufacturer	10	http://www.bikemielec.com/	
Bike Ribbon	Manufacturer	10		
Bike-Aid	Manufacturer	10		
Bike-Eye	Manufacturer	10		
Bike-O-Vision	Manufacturer	10		
Bike4Life	Frame manufacturer	10		
BikeE recumbents	Frame manufacturer	10		
Bikes Belong	Manufacturer	10		
Bikeverywhere	Manufacturer	10		
Bilenky Cycle Works	Frame manufacturer	10	http://www.bilenky.com/Home.html	
Biomega	Frame manufacturer	10	http://biomega.dk/biomega.aspx	
BionX	Manufacturer	10		
Birdy	Frame manufacturer	10	http://www.birdybike.com/	
Biria	Frame manufacturer	10	http://www.biria.com/	
Birmingham Small Arms Company	Frame manufacturer	10		
Bishop	Frame manufacturer	10	http://bishopbikes.com/	
Black Diamond	Manufacturer	10		
Black Market	Frame manufacturer	10	http://www.blackmarketbikes.com	
Black Mountain Cycles	Frame manufacturer	10	http://www.blackmtncycles.com/	
Black Sheep Bikes	Frame manufacturer	10	http://blacksheepbikes.com/	
Blue	Frame manufacturer	10	http://www.rideblue.com/	
Boardman Bikes	Frame manufacturer	10	http://www.boardmanbikes.com/	
Bobbin	Frame manufacturer	10	http://www.bobbinbikes.co.uk/	
BodyGlide	Manufacturer	10		
Boeshield	Manufacturer	10		
Bohemian Bicycles	Frame manufacturer	10	http://www.bohemianbicycles.com/	
Bondhus	Manufacturer	10		
Bonk Breaker	Manufacturer	10		
Boo Bicycles	Frame manufacturer	10	http://boobicycles.com/	
Boreal	Frame manufacturer	10	http://borealbikes.com/	
Borealis (fat bikes)	Frame manufacturer	10	http://www.borealisbikes.com/	
Boreas Gear	Manufacturer	10		
Borile	Frame manufacturer	10	http://www.borile.it/gb_chi.html	
Bottecchia	Frame manufacturer	10	http://www.bottecchia.co.uk/	
Boulder Bicycles	Frame manufacturer	10	http://www.renehersebicycles.com/Randonneur%20bikes.htm	
Brannock Device Co	Manufacturer	10		
Brasil & Movimento	Frame manufacturer	10	http://www.brasilemovimento.com.br	
Brave Soldier	Manufacturer	10		
Breadwinner	Frame manufacturer	10	http://breadwinnercycles.com/	
Breakbrake17 Bicycle Co.	Frame manufacturer	10	http://breakbrake17.com/	
Breezer	Frame manufacturer	100	http://www.breezerbikes.com/	
Brennabor	Frame manufacturer	10	http://brennabor.pl/	
Bridgestone	Frame manufacturer	100	http://www.bridgestone.com/	
British Eagle	Frame manufacturer	10		
Brodie	Frame manufacturer	10	http://www.brodiebikes.com/2014/	
Broke Bikes	Frame manufacturer	10	https://brokebik.es/	
Brompton Bicycle	Frame manufacturer	10	http://www.brompton.co.uk/	
Brooklyn Bicycle Co.	Frame manufacturer	10	http://www.brooklynbicycleco.com/	
Brooks England LTD.	Manufacturer	10	http://www.brooksengland.com/	
Browning	Frame manufacturer	10		
Brunswick Corporation	Frame manufacturer	10	http://www.brunswick.com/	
Brush Research	Manufacturer	10		
Budnitz	Frame manufacturer	10	http://budnitzbicycles.com/	
Buff	Manufacturer	10		
Burley	Manufacturer	10		
Burley Design	Frame manufacturer	10	http://www.burley.com/	
Bushnell	Manufacturer	10		
Buzzy's	Manufacturer	10		
CCM	Frame manufacturer	10		
CDI Torque Products	Manufacturer	10		
CETMA Cargo	Frame manufacturer	10	http://cetmacargo.com/	
CHUMBA Racing	Frame manufacturer	10	http://chumbabikes.com/	
CRUD	Manufacturer	10		
CST	Manufacturer	10		
CVLN (Civilian)	Frame manufacturer	10	http://www.ridecvln.com/	
CX Tape	Manufacturer	10		
Caffelatex	Manufacturer	10		
Calcott Brothers	Frame manufacturer	10		
Calfee Design	Frame manufacturer	10	http://www.calfeedesign.com/	
California Springs	Manufacturer	10		
Caloi	Frame manufacturer	10	http://www.caloi.com/home/	
Camelbak	Manufacturer	10	http://www.camelbak.com/	
Camillus	Manufacturer	10		
Campagnolo	Manufacturer	10	http://www.campagnolo.com/	
Campion Cycle Company	Frame manufacturer	10		
Cane Creek	Manufacturer	10	http://www.canecreek.com/	
Canfield Brothers	Frame manufacturer	10	http://canfieldbrothers.com/	
Cannondale	Frame manufacturer	500	http://www.cannondale.com/	
Canyon bicycles	Frame manufacturer	10	http://www.canyon.com/	
Carmichael Training Systems	Manufacturer	10		
Carrera bicycles	Frame manufacturer	10	http://www.carrera-podium.it/	
CatEye	Manufacturer	10		
Catrike	Frame manufacturer	10	http://www.catrike.com/	
Cayne	Frame manufacturer	10	http://www.sun.bike/	
Centurion	Frame manufacturer	100	http://www.centurion.de/en_int	
CeramicSpeed	Manufacturer	10		
Cervélo	Frame manufacturer	100	http://www.cervelo.com/en/	
Chadwick	Manufacturer	10		
Challenge	Manufacturer	10		
Charge	Frame manufacturer	10	http://www.chargebikes.com/	
Chariot	Frame manufacturer	10	http://www.thule.com/en-us/us/products/active-with-kids	
Chase	Manufacturer	10		
Chater-Lea	Frame manufacturer	10		
Chicago Bicycle Company	Frame manufacturer	10		
Chris King	Manufacturer	10		
Christiania Bikes	Frame manufacturer	10	http://christianiabikes.com/en/	
Chromag	Frame manufacturer	10	http://www.chromagbikes.com	
Cielo	Frame manufacturer	10	http://cielo.chrisking.com/	
Cignal	Frame manufacturer	10		
Cilo	Frame manufacturer	10		
Cinelli	Frame manufacturer	10	http://www.cinelli-usa.com/	
Ciocc	Frame manufacturer	10	http://www.ciocc.it/	
Citizen Bike	Frame manufacturer	10	http://www.citizenbike.com/	
City Bicycles Company	Frame manufacturer	10	http://citybicycleco.com	
Civia	Frame manufacturer	10	http://www.civiacycles.com	
Clark-Kent	Frame manufacturer	10		
Claud Butler	Frame manufacturer	10	http://claudbutler.co.uk/	
Clean Bottle	Manufacturer	10		
Clement	Manufacturer	10		
Cloud Nine	Manufacturer	10		
Club Roost	Manufacturer	10		
Co-Motion	Frame manufacturer	10	http://www.co-motion.com/	
Coker Tire	Frame manufacturer	10	http://www.cokertire.com/	
Colnago	Frame manufacturer	10	http://www.colnago.com/bicycles/	
Colony	Frame manufacturer	10	http://www.colonybmx.com	
Colossi	Frame manufacturer	10	http://www.colossicycling.com/	
Columbia	Frame manufacturer	10		
Columbus Tubing	Frame manufacturer	10	http://www.columbustubi.com/	
Competition Cycles Services	Manufacturer	10		
Condor	Frame manufacturer	10	http://www.condorcycles.com/	
Conor	Frame manufacturer	10	http://www.conorbikes.com/	
Continental	Manufacturer	10		
Contour Sport	Manufacturer	10		
Cook Bros. Racing	Frame manufacturer	10		
Cooper Bikes	Frame manufacturer	10	http://www.cooperbikes.com	
Corima	Frame manufacturer	10	http://www.corima.com/	
Corratec	Frame manufacturer	10	http://www.corratec.com/	
Cortina Cycles	Frame manufacturer	10	http://www.cortinacycles.com/	
Cove	Frame manufacturer	10	http://covebike.com/	
Craft	Manufacturer	10		
Crank Brothers	Manufacturer	10		
Crank2	Frame manufacturer	10	http://www.crank-2.com	
Crazy Creek	Manufacturer	10		
Create	Frame manufacturer	10	http://www.createbikes.com/	
Creme Cycles	Frame manufacturer	10	http://cremecycles.com	
Crescent Moon	Manufacturer	10		
Crew	Frame manufacturer	10	http://crewbikeco.com/	
Critical Cycles	Frame manufacturer	10	http://www.criticalcycles.com/	
Crumpton	Frame manufacturer	10	http://www.crumptoncycles.com/	
Cube	Frame manufacturer	10	http://www.cube.eu/en/cube-bikes/	
CueClip	Manufacturer	10		
Cult	Frame manufacturer	10	http://www.cultcrew.com	
Currie Technology (Currietech)	Frame manufacturer	10	http://www.currietech.com/	
Currys	Frame manufacturer	10	http://www.currys.co.uk/gbuk/index.html	
Cyclamatic	Frame manufacturer	10		
Cycle Dog	Manufacturer	10		
Cycle Force Group	Frame manufacturer	10	http://www.cyclefg.com/	
Cycle Stuff	Manufacturer	10		
CycleAware	Manufacturer	10		
CycleOps	Manufacturer	10		
CyclePro	Frame manufacturer	10		
Cycles Fanatic	Frame manufacturer	10	http://www.cyclesfanatic.com/	
Cycles Follis	Frame manufacturer	10		
Cycleurope	Frame manufacturer	10	http://www.cycleurope.com	
Cyclo	Manufacturer	10		
Cycloc	Manufacturer	10		
Cyfac	Frame manufacturer	10	http://www.cyfac.fr/index.aspx	
CygoLite	Manufacturer	10		
Cytosport	Manufacturer	10		
DAJO	Manufacturer	10		
DEAN	Frame manufacturer	10	http://www.deanbikes.com	
DHS	Frame manufacturer	10	http://www.dhsbike.hu/	
DIG BMX	Manufacturer	10		
DK Bikes	Frame manufacturer	10	http://www.dkbicycles.com/	
DMR Bikes	Frame manufacturer	10	http://www.dmrbikes.com/	
DNP	Manufacturer	10		
DT Swiss	Manufacturer	10		
DZ Nuts	Manufacturer	10		
Da Bomb Bikes	Frame manufacturer	10	http://www.dabombbike.com/	
Daccordi	Frame manufacturer	10	http://www.daccordicicli.com/	
Dahon	Frame manufacturer	100	http://www.dahon.com/	
Davidson	Frame manufacturer	10	http://davidsonbicycles.com/	
Dawes Cycles	Frame manufacturer	10	http://www.dawescycles.com/	
De Rosa	Frame manufacturer	10	http://www.derosanews.com/	
DeBernardi	Frame manufacturer	10	http://www.zarbikes.com/zar/about-debernardi.html	
DeFeet	Manufacturer	10		
DeSalvo Cycles	Frame manufacturer	10	http://www.desalvocycles.com/	
Decathlon	Frame manufacturer	10	http://www.decathlon.fr	
Deco	Manufacturer	10		
Deda Elementi	Manufacturer	10		
Deity	Frame manufacturer	10	http://www.deitycomponents.com/	
Del Sol	Frame manufacturer	10	http://www.ridedelsol.com/bikes	
Della Santa	Frame manufacturer	10	http://dellasanta.com/	
Delta	Manufacturer	10		
Deluxe	Manufacturer	10		
Demolition	Manufacturer	10		
Den Beste Sykkel	Frame manufacturer	10	http://www.dbs.no/	
Dengfu	Frame manufacturer	10	http://dengfubikes.com/	
Derby Cycle	Frame manufacturer	10	http://www.derby-cycle.com/en.html	
Dermatone	Manufacturer	10		
Dero	Manufacturer	10		
Detroit Bikes	Frame manufacturer	10	http://detroitbikes.com/	
Deuter	Manufacturer	10		
Devinci	Frame manufacturer	10	http://www.devinci.com/home.html	
Di Blasi Industriale	Frame manufacturer	10	http://www.diblasi.it/?lng=en	
Dia-Compe	Manufacturer	10		
DiaTech	Manufacturer	10		
Diadora	Frame manufacturer	10	http://www.diadoraamerica.com/	
Diamant	Frame manufacturer	10	http://www.diamantrad.com/home/	
Diamondback	Frame manufacturer	500	http://www.diamondback.com/	
Dicta	Manufacturer	10		
Dimension	Manufacturer	10		
Discwing	Manufacturer	10		
Doberman	Frame manufacturer	10	 https://www.facebook.com/DobermannBikes	
Dodici Milano	Frame manufacturer	10	http://www.dodicicicli.com/	
Dolan	Frame manufacturer	10	http://www.dolan-bikes.com/	
Dorel Industries	Frame manufacturer	10	http://www.dorel.com/	
Dual Eyewear	Manufacturer	10		
Dualco	Manufacturer	10		
Dynacraft	Frame manufacturer	10	http://www.dynacraftbike.com/	
Dynamic Bicycles	Frame manufacturer	10	http://www.dynamicbicycles.com/	
Dyno	Frame manufacturer	10		
E-Case	Manufacturer	10		
E. C. Stearns Bicycle Agency	Frame manufacturer	10		
EAI (Euro Asia Imports)	Frame manufacturer	10	http://www.euroasiaimports.com/aboutus.asp	
EBC	Manufacturer	10		
EG Bikes (Metronome)	Frame manufacturer	10	http://www.egbike.com/	
EK USA	Manufacturer	10		
EMC Bikes	Frame manufacturer	10	http://www.emcbikes.com/	
ENVE Composites	Manufacturer	10		
ESI	Manufacturer	10		
EVS Sports	Manufacturer	10		
EZ Pedaler (EZ Pedaler electric bikes)	Frame manufacturer	10	http://www.ezpedaler.com/	
Eagle Bicycle Manufacturing Company	Frame manufacturer	10	http:// none	
Eagles Nest Outfitters	Manufacturer	10		
East Germany	Frame manufacturer	10	http://www.easternbikes.com/dealers/	
Eastern	Frame manufacturer	10	http://easternbikes.com/	
Easy Motion	Frame manufacturer	10	http://www.emotionbikesusa.com/	
Ebisu	Frame manufacturer	10	http://www.jitensha.com/eng/aboutframes_e.html	
Eddy Merckx	Frame manufacturer	10	http://www.eddymerckx.be/	
Edinburgh Bicycle Co-operative	Frame manufacturer	10	http://www.edinburghbicycle.com/	
EighthInch	Frame manufacturer	10	http://www.eighthinch.com	
Electra	Frame manufacturer	250	http://www.electrabike.com/	
Elevn Technologies	Manufacturer	10		
Elite SRL	Manufacturer	10		
Elliptigo	Frame manufacturer	10	http://www.elliptigo.com/	
Ellis	Frame manufacturer	10	http://www.elliscycles.com/	
Ellis Briggs	Frame manufacturer	10	http://www.ellisbriggscycles.co.uk/	
Ellsworth	Frame manufacturer	10	http:// www.­ellsworthride.­com	
Emilio Bozzi	Frame manufacturer	10	http:// none	
Endurance Films	Manufacturer	10		
Enduro	Manufacturer	10		
Endurox	Manufacturer	10		
Energizer	Manufacturer	10		
Engin Cycles	Frame manufacturer	10	http://www.engincycles.com/	
Enigma Titanium	Frame manufacturer	10	http://www.enigmabikes.com/	
Epic	Manufacturer	10		
Ergon	Manufacturer	10		
Esbit	Manufacturer	10		
Europa	Frame manufacturer	10	http://www.europacycles.com.au/	
Evelo	Frame manufacturer	10	http://www.evelo.com/	
Eveready	Manufacturer	10		
Evil	Frame manufacturer	10	http://www.evil-bikes.com	
Excess Components	Manufacturer	10		
Exustar	Manufacturer	10		
FBM	Frame manufacturer	10	http://fbmbmx.com	
FRAMED	Frame manufacturer	10	http://www.framedbikes.com/	
FSA (Full Speed Ahead)	Manufacturer	10		
Faggin	Frame manufacturer	10	http://www.fagginbikes.com/en	
Failure	Frame manufacturer	10	http://www.failurebikes.com/	
Fairdale	Frame manufacturer	10	http://fairdalebikes.com/	
Falco Bikes	Frame manufacturer	10	http://www.falcobike.com/	
Falcon	Frame manufacturer	10	http://www.falconcycles.co.uk/CORP/aboutFalcon.html	
Faraday	Frame manufacturer	10	http://www.faradaybikes.com/	
Fast Wax	Manufacturer	10		
Fat City Cycles	Frame manufacturer	10	http:// none	
Fatback	Frame manufacturer	10	http://fatbackbikes.com/	
Fausto Coppi	Frame manufacturer	10		
Federal	Frame manufacturer	10	http://www.federalbikes.com	
Felt	Frame manufacturer	500	http://www.feltbicycles.com/	
Fetish	Frame manufacturer	10	https://www.facebook.com/FetishCycles	
Fezzari	Frame manufacturer	10	http://www.fezzari.com/	
FiberFix	Manufacturer	10		
Fiction	Manufacturer	10		
Field	Frame manufacturer	10	http://www.fieldcycles.com/	
Finish Line	Manufacturer	10		
Finite	Manufacturer	10		
Firefly Bicycles	Frame manufacturer	10	http://fireflybicycles.com/	
Firefox	Frame manufacturer	10	http://www.firefoxbikes.com/	
Firenze	Frame manufacturer	10		
Firmstrong	Frame manufacturer	10	http://www.firmstrong.com/	
First Endurance	Manufacturer	10		
Fit bike Co.	Frame manufacturer	10		
Fizik	Manufacturer	10		
Fleet Velo	Frame manufacturer	10	http://fleetvelo.com/fv/	
Fleetwing	Frame manufacturer	10	http:// none	
Flybikes	Manufacturer	10		
Flying Pigeon	Frame manufacturer	10	http://flyingpigeon-la.com/	
Flying Scot	Frame manufacturer	10	http://www.flying-scot.com/core/welcome.html	
Flyxii	Frame manufacturer	10	http://www.flyxii.com/	
Focale44	Frame manufacturer	10	http://www.focale44bikes.com/	
Focus	Frame manufacturer	10	http://www.focus-bikes.com/int/en/home.html	
Foggle	Manufacturer	10		
Fokhan	Frame manufacturer	10		
Folmer & Schwing	Frame manufacturer	10		
Fondriest	Frame manufacturer	10	http://www.fondriestbici.com	
Forge Bikes	Frame manufacturer	10	http://forgebikes.com/	
Formula	Manufacturer	10		
Fortified (lights)	Frame manufacturer	10	http://fortifiedbike.com/	
Foundry Cycles	Frame manufacturer	10	http://foundrycycles.com/	
Fox	Manufacturer	10		
Fram	Frame manufacturer	10	http://wsid9d3eg.homepage.t-online.de	
Frances	Frame manufacturer	10	http://francescycles.com/	
Francesco Moser (F. Moser)	Frame manufacturer	10	http://www.mosercycles.com/	
Freddie Grubb	Frame manufacturer	10		
Free Agent	Frame manufacturer	10	http://www.freeagentbmx.com/	
Free Spirit	Frame manufacturer	10		
Freedom	Manufacturer	10		
Freeload	Manufacturer	10		
FuelBelt	Manufacturer	10		
Fuji	Frame manufacturer	500	http://www.fujibikes.com/	
Fulcrum	Manufacturer	10		
Fyxation	Frame manufacturer	10	http://www.fyxation.com/	
G Sport	Manufacturer	10		
G-Form	Manufacturer	10		
GMC	Frame manufacturer	10		
GT Bicycles	Frame manufacturer	500	http://www.gtbicycles.com/	
GU	Manufacturer	10		
Gamut	Manufacturer	10		
Gardin	Frame manufacturer	10		
Garmin	Manufacturer	10		
Gary Fisher	Frame manufacturer	500	http://www.trekbikes.com/us/en/collections/gary_fisher/	
Gates Carbon Drive	Manufacturer	10		
Gateway	Manufacturer	10		
Gavin	Frame manufacturer	10	http://www.gavinbikes.com/	
Gazelle	Frame manufacturer	10	http://www.gazelle.us.com/	
Gear Aid	Manufacturer	10		
Gear Clamp	Manufacturer	10		
Gear Up	Manufacturer	10		
Geax	Manufacturer	10		
Gendron Bicycles	Frame manufacturer	10	http://www.gendron-bicycles.ca/	
Genesis	Frame manufacturer	10	http://www.genesisbikes.co.uk/	
Genuine Innovations	Manufacturer	10		
Geotech	Frame manufacturer	10	http://www.geotechbikes.com	
Gepida	Frame manufacturer	10	http://www.gepida.eu/	
Ghost	Frame manufacturer	10	http://www.ghost-bikes.com	
Giant	Frame manufacturer	500	http://www.giant-bicycles.com/	
Gibbon Slacklines	Manufacturer	10		
Gilmour	Frame manufacturer	10	http://www.gilmourbicycles.us/	
Giordano	Frame manufacturer	10	http://giordanobicycles.com/	
Gitane	Frame manufacturer	10	http://www.gitaneusa.com/	
Glacier Glove	Manufacturer	10		
Gladiator Cycle Company	Frame manufacturer	10	http://www.cyclesgladiator.com/	
Globe	Frame manufacturer	10	http://www.specialized.com/us/en/bikes/globe	
Gnome et Rhône	Frame manufacturer	10		
GoGirl	Manufacturer	10		
Gomier	Frame manufacturer	10		
Gore	Manufacturer	10		
Gormully & Jeffery	Frame manufacturer	10		
Grab On	Manufacturer	10		
Grabber	Manufacturer	10		
Graber	Manufacturer	10		
Graflex	Frame manufacturer	10	http://graflex.org/	
Granite Gear	Manufacturer	10		
Gravity	Frame manufacturer	10	http://www.bikesdirect.com/	
Greenfield	Manufacturer	10		
Greenspeed	Frame manufacturer	10	http://www.greenspeed.com.au/	
Gudereit	Frame manufacturer	10	http://www.gudereit.de	
Guerciotti	Frame manufacturer	10	http://www.guerciotti.it/	
Gunnar	Frame manufacturer	10	http://gunnarbikes.com/site/	
Guru	Frame manufacturer	10	http://www.gurucycles.com/en	
Guyot Designs	Manufacturer	10		
H Plus Son	Manufacturer	10		
HBBC (Huntington Beach Bicycle, Co)	Frame manufacturer	10	http://hbbcinc.com/	
HED	Manufacturer	10		
HP Velotechnik	Frame manufacturer	10	http://www.hpvelotechnik.com	
Haibike (Currietech)	Frame manufacturer	10	http://www.currietech.com/	
Hallstrom	Frame manufacturer	10	http://www.hallstrom.no/	
Halo	Manufacturer	10		
Hammer Nutrition	Manufacturer	10		
Hampsten Cycles	Frame manufacturer	10	http://www.hampsten.com/	
Handsome Cycles	Frame manufacturer	10	http://www.handsomecycles.com	
Handspun	Manufacturer	10		
Hanford	Frame manufacturer	10	https://www.facebook.com/pages/Hanford-Cycles/230458813647205	
Haro	Frame manufacturer	250	http://www.harobikes.com	
Harry Quinn	Frame manufacturer	10		
Harvey Cycle Works	Frame manufacturer	10	http://harveykevin65.wix.com/harveycycleworks	
Hasa	Frame manufacturer	10	http://www.hasa.com.tw/	
Hase bikes	Frame manufacturer	10	http://hasebikes.com/	
Hayes	Manufacturer	10		
Head	Frame manufacturer	10		
Headsweats	Manufacturer	10		
Heinkel	Frame manufacturer	10	http://www.heinkeltourist.com/	
Helkama	Frame manufacturer	10	http://www.helkamavelox.fi/en/	
Hercules Fahrrad GmbH & Co	Frame manufacturer	10		
Heritage	Frame manufacturer	100	http://www.heritagebicycles.com/	https://files.bikeindex.org/uploads/Ma/995/heritage-logo.png
Herkelmann	Frame manufacturer	10	http://www.herkelmannbikes.com/	
Hero Cycles Ltd	Frame manufacturer	10	http://www.herocycles.com/	
Heron	Frame manufacturer	10	http://www.heronbicycles.com/	
Hetchins	Frame manufacturer	10	http://www.hetchins.org/	
High Gear	Manufacturer	10		
Highland	Manufacturer	10		
Hija de la Coneja	Frame manufacturer	10	https://www.facebook.com/hijadelaconeja	
Hillman	Frame manufacturer	10	http://hillmancycles.com.au	
Hinton Cycles	Frame manufacturer	10	http://www.hintoncycles.com/	
Hirschfeld	Frame manufacturer	10		
Hirzl	Manufacturer	10		
Hobson	Manufacturer	10		
Hoffman	Frame manufacturer	10	http://hoffmanbikes.com/	
Holdsworth	Frame manufacturer	10	http://www.holdsworthbikes.co.uk/	
Honey Stinger	Manufacturer	10		
Hope	Manufacturer	10		
House of Talents	Manufacturer	10		
Hozan	Manufacturer	10		
HubBub	Manufacturer	10		
Hudz	Manufacturer	10		
Huffy	Frame manufacturer	100	http://www.huffybikes.com	
Hufnagel	Frame manufacturer	10	http://www.hufnagelcycles.com/	
Humangear	Manufacturer	10		
Humber	Frame manufacturer	10	http://en.wikipedia.org/wiki/Humber_(bicycle)	
Humble Frameworks	Frame manufacturer	10	http://www.humbleframeworks.cc	
Hunter	Frame manufacturer	10	http://www.huntercycles.com/	
Hurricane Components	Manufacturer	10		
Hurtu	Frame manufacturer	10	http://en.wikipedia.org/wiki/Hurtu	
Hutchinson	Manufacturer	10		
Hyalite Equipment	Manufacturer	10		
Hydrapak	Manufacturer	10		
Hyper	Frame manufacturer	10	http://www.hyperbicycles.com/	
IBEX	Frame manufacturer	10	http://ibexbikes.com/	
ICE Trikes (Inspired Cycle Engineering )	Frame manufacturer	10	http://www.icetrikes.co/	
IMBA	Manufacturer	10		
IRO Cycles	Frame manufacturer	10	http://www.irocycle.com	
ISM	Manufacturer	10		
IZIP (Currietech)	Frame manufacturer	10	http://www.currietech.com/	
Ibis	Frame manufacturer	10	http://www.ibiscycles.com/bikes/	
Ice Trekkers	Manufacturer	10		
IceToolz	Manufacturer	10		
Ideal Bikes	Frame manufacturer	10	http://www.idealbikes.net/	
Identiti	Frame manufacturer	10	http://www.identitibikes.com/	
Incredibell	Manufacturer	10		
Independent Fabrication	Frame manufacturer	10	http://www.ifbikes.com/	
Industrieverband Fahrzeugbau	Frame manufacturer	10		
Industry Nine	Manufacturer	10		
Infini	Manufacturer	10		
Inglis (Retrotec)	Frame manufacturer	10	http://ingliscycles.com/	
Innerlight Cycles	Frame manufacturer	10	http://www.innerlightcycles.com/	
Innova	Manufacturer	10		
Intense	Frame manufacturer	10	http://intensecycles.com/	
Iride Bicycles	Frame manufacturer	10	http://www.irideusa.com/	
Iron Horse Bicycles	Frame manufacturer	100	http://www.ironhorsebikes.com/	
Islabikes	Frame manufacturer	10	http://www.islabikes.com/	
Issimo Designs	Manufacturer	10		
Italvega	Frame manufacturer	10	http://en.wikipedia.org/wiki/Italvega	
Itera plastic bicycle	Frame manufacturer	10		
Iver Johnson	Frame manufacturer	10		
Iverson	Frame manufacturer	10		
JMC Bicycles	Frame manufacturer	10	http://www.jmccycles.com/	
JP Weigle's	Manufacturer	10		
Jagwire	Manufacturer	10		
Jamis	Frame manufacturer	500	http://www.jamisbikes.com/usa/index.html	
Jan Jansen	Frame manufacturer	10	http://www.janjanssen.nl/index.php	
Jandd	Manufacturer	10		
Javelin	Frame manufacturer	10	http://www.javbike.com/	
Jelly Belly	Manufacturer	10		
JetBoil	Manufacturer	10		
Jittery Joe's	Manufacturer	10		
John Cherry bicycles	Frame manufacturer	10	http://www.sandsmachine.com/bp_chery.htm	
John Deere 	Frame manufacturer	10		
Jorg & Olif	Frame manufacturer	10	http://jorgandolif.com	
Juliana Bicycles	Frame manufacturer	10	http://www.julianabicycles.com/en/us	
K-Edge	Manufacturer	10		
K2	Frame manufacturer	100	http://www.k2bike.com/	
KBC	Manufacturer	10		
KHS Bicycles	Frame manufacturer	500	http://khsbicycles.com/	
KMC	Manufacturer	10		
KS	Manufacturer	10		
KT Tape	Manufacturer	10		
KTM	Frame manufacturer	10	http://www.ktm.com/us/ready-to-race.html	
KW Bicycle	Frame manufacturer	10	http://www.kwcycles.com/	
Kalkhoff	Frame manufacturer	10	http://www.kalkhoff-bikes.com/	
Kalloy	Manufacturer	10		
Katadyn	Manufacturer	10		
Kazam	Manufacturer	10		
Keith Bontrager	Frame manufacturer	10	http://bontrager.com/history	
Kellys Bicycles	Frame manufacturer	10	http://www.kellysbike.com/	
Kenda	Manufacturer	10		
Kent	Frame manufacturer	10	http://www.kentbicycles.com/	
Kestrel	Frame manufacturer	10	http://www.kestrelbicycles.com/	
Kettler	Frame manufacturer	10	http://www.kettler.co.uk/	
Kind Bar	Manufacturer	10		
Kinesis	Frame manufacturer	10	http://www.kinesisbikes.co.uk/	
Kinesis Industry	Frame manufacturer	10	http://www.kinesis.com.tw/	
Kinetic	Manufacturer	10		
Kinetic Koffee	Manufacturer	10		
Kink	Frame manufacturer	10	http://www.kinkbmx.com	
Kirk	Frame manufacturer	10	http://www.kirkframeworks.com/	
Kish Fabrication	Frame manufacturer	10	http://www.kishbike.com/	
Kiss My Face	Manufacturer	10		
Klean Kanteen	Manufacturer	10		
Klein Bikes	Frame manufacturer	100		
Knog	Manufacturer	10		
Knolly	Frame manufacturer	10	http://knollybikes.com/	
Koga-Miyata	Frame manufacturer	10	http://www.koga.com/koga_uk/	
Kogswell Cycles	Frame manufacturer	10		
Kona	Frame manufacturer	500	http://www.konaworld.com/	
Kool Kovers	Manufacturer	10		
Kool-Stop	Manufacturer	10		
Kreitler	Manufacturer	10		
Kron	Frame manufacturer	10	http://kronbikes.com/	
Kronan	Frame manufacturer	10	http://www.kronan.com/en/cykel	
Kross SA	Frame manufacturer	10	http://www.kross.pl/	
Kryptonite	Manufacturer	10	http://www.kryptonitelock.com/Pages/Home.aspx	
Kuat	Manufacturer	10		
Kuota	Frame manufacturer	10	http://www.kuota.it/index.php	
Kustom Kruiser	Frame manufacturer	10		
Kuwahara	Frame manufacturer	10	http://kuwahara-bike.com/	
LDG (Livery Design Gruppe)	Frame manufacturer	10	http://liverydesigngruppe.com/	
LOW//	Frame manufacturer	10	http://lowbicycles.com/	
Land Shark	Frame manufacturer	10	http://landsharkbicycles.com/	
Lapierre	Frame manufacturer	10	http://www.lapierre-bikes.co.uk/	
Laurin & Klement	Frame manufacturer	10		
Lazer	Manufacturer	10		
LeMond Racing Cycles	Frame manufacturer	250	https://en.wikipedia.org/wiki/LeMond_Racing_Cycles	
Leader Bikes	Frame manufacturer	100	http://www.leaderbikeusa.com	
Leg Lube	Manufacturer	10		
Legacy Frameworks	Frame manufacturer	10	http://legacyframeworks.com/	
Leopard	Frame manufacturer	10	http://www.leopardcycles.com/	
Lezyne	Manufacturer	10		
Light My Fire	Manufacturer	10		
Light and Motion	Manufacturer	10		
Lightning Cycle Dynamics	Frame manufacturer	10	http://www.lightningbikes.com/	
Lightspeed	Frame manufacturer	10	http://www.litespeed.com/	
Linus	Frame manufacturer	100	http://www.linusbike.com/	
Liotto (Cicli Liotto Gino & Figli)	Frame manufacturer	10	http://www.liotto.com/	
Litespeed	Frame manufacturer	10	http://www.litespeed.com/	
Liteville	Frame manufacturer	10	http://www.liteville.de/	
Lizard Skins	Manufacturer	10		
Loctite	Manufacturer	10		
Loekie	Frame manufacturer	10	http://www.loekie.nl/	
Lonely Planet	Manufacturer	10		
Look	Frame manufacturer	10	http:// www.lookcycles.com	
Lotus	Frame manufacturer	10		
Louis Garneau	Frame manufacturer	10	http://www.louisgarneau.com	
Louison Bobet	Frame manufacturer	10		
Lycoming Engines	Frame manufacturer	10	http://www.lycoming.textron.com/	
Lynskey	Frame manufacturer	10	http://www.lynskeyperformance.com/	
M Essentials	Manufacturer	10		
MBK	Frame manufacturer	10	http://mbk-cykler.dk/	
MEC (Mountain Equipment Co-op)	Frame manufacturer	10	http://www.mec.ca/	
MKS	Manufacturer	10		
MMR	Frame manufacturer	10	http://www.mmrbikes.com/	
MRP	Manufacturer	10		
MSR	Manufacturer	10		
MTI Adventurewear	Manufacturer	10		
Madsen	Frame manufacturer	10	http://www.madsencycles.com/	
Madwagon	Frame manufacturer	10		
Magellan	Manufacturer	10		
Magna	Frame manufacturer	10	http://www.magnabike.com/	
Malvern Star	Frame manufacturer	10	http://www.malvernstar.com.au/	
ManKind	Frame manufacturer	10	http://mankindbmx.com/	
Mango	Frame manufacturer	10	http://www.mangobikes.co.uk/	
Manhattan	Frame manufacturer	10	http://www.manhattancruisers.com/	
Manitou	Manufacturer	10		
Map Bicycles	Frame manufacturer	10	http://www.mapbicycles.com/	
Maraton	Frame manufacturer	10	http://www.bikemaraton.com/	
Marin Bikes	Frame manufacturer	500	http://www.marinbikes.com/2013/	
Marinoni	Frame manufacturer	10	http://www.marinoni.qc.ca/indexEN.html	
Marson	Manufacturer	10		
Maruishi	Frame manufacturer	10	http://en.maruishi-bike.com.cn/	
Marukin	Frame manufacturer	10	http://www.marukin-bicycles.com/	
Marzocchi	Manufacturer	10		
Masi	Frame manufacturer	100	http://www.masibikes.com	
Master Lock	Manufacturer	10	http://www.masterlockbike.com	
Matchless	Frame manufacturer	10		
Matra	Frame manufacturer	10	http://matra.com/pre-home/?___SID=U	
Maverick	Frame manufacturer	10	http://www.maverickbike.com/	
Mavic	Manufacturer	10		
Maxit	Manufacturer	10		
Maxxis	Manufacturer	10		
Mechanical Threads	Manufacturer	10		
Meiser	Manufacturer	10		
Melon Bicycles	Frame manufacturer	10	http://www.melonbicycles.com/	
Mercian Cycles	Frame manufacturer	10	http://www.merciancycles.co.uk/	
Mercier	Frame manufacturer	100	http://www.cyclesmercier.com	
Merida Bikes	Frame manufacturer	10	http://www.merida.com	
Merlin	Frame manufacturer	10	http://www.merlinbike.com/	
Merrell	Manufacturer	10		
MetaBikes	Frame manufacturer	10	http://meta-bikes.com/	
Metric Hardware	Manufacturer	10		
Metrofiets	Frame manufacturer	10	https://metrofiets.com	
Micajah C. Henley	Frame manufacturer	10		
Micargi	Frame manufacturer	10	http://micargibicycles.com/	
Miche	Manufacturer	10		
Michelin	Manufacturer	10		
MicroShift	Manufacturer	10		
Miele bicycles	Frame manufacturer	10	http://www.mielebicycles.com/home.html	
Mikkelsen	Frame manufacturer	10	http://www.mikkelsenframes.com/	
Milwaukee Bicycle Co.	Frame manufacturer	10	http://www.benscycle.net/	
Minoura	Manufacturer	10		
MirraCo 	Frame manufacturer	10	http://mirrabikeco.com/	
Mirrycle	Manufacturer	10		
Mission Bicycles	Frame manufacturer	100	https://www.missionbicycle.com/	
Miyata	Frame manufacturer	100	http://www.miyatabicycles.com/	
Mizutani	Frame manufacturer	10		
Monark	Frame manufacturer	10	http://www.monarkexercise.se/	
Mondia	Frame manufacturer	10	http://en.wikipedia.org/wiki/Mondia	
Mondraker	Frame manufacturer	10	http://www.mondraker.com/	
Mongoose	Frame manufacturer	250	http://www.mongoose.com/	
Montague	Frame manufacturer	10	http://www.montaguebikes.com/	
Moots Cycles	Frame manufacturer	100	http://moots.com/	
Mophie	Manufacturer	10		
Mosaic	Frame manufacturer	10	http://mosaiccycles.com/	
Moser Cicli	Frame manufacturer	10	http://www.ciclimoser.com/	
Mosh	Frame manufacturer	10		
Mosso	Frame manufacturer	10	http://www.mosso.com.tw/	
Moth Attack	Frame manufacturer	10	http://mothattack.com/	
Motiv	Frame manufacturer	10	http://www.motivelectricbikes.com	
Motobecane	Frame manufacturer	250	http://www.motobecane.com/	
Moulden	Frame manufacturer	10		
Moulton Bicycle	Frame manufacturer	10	http://www.moultonbicycles.co.uk/	
Mountain Cycles	Frame manufacturer	10		
Mountainsmith	Manufacturer	10		
Mr. Tuffy	Manufacturer	10		
Muddy Fox	Frame manufacturer	10	http://www.muddyfoxusa.com/	
Murray	Frame manufacturer	10		
Mutant Bikes	Manufacturer	10		
Mutiny	Frame manufacturer	10	http://www.mutinybikes.com/	
Müsing (Musing)	Frame manufacturer	10	http://www.muesing-bikes.de/	
N Gear	Manufacturer	10		
NEMO	Manufacturer	10		
NS Bikes	Frame manufacturer	10	http://www.ns-bikes.com/	
Nakamura	Frame manufacturer	10	http://www.nakamura.no/	
Naked	Frame manufacturer	10	http://timetogetnaked.com/	
Nalgene	Manufacturer	10		
Nantucket Bike Basket Company	Manufacturer	10		
Nashbar	Frame manufacturer	10	http://Nashbar.com	
Nathan	Manufacturer	10		
National	Frame manufacturer	10	http://nationalmoto.com/	
Native	Manufacturer	10		
Neil Pryde	Frame manufacturer	10	http://www.neilprydebikes.com/	
Nema	Manufacturer	10		
Neobike	Frame manufacturer	10	http://www.allproducts.com/bike/neobike/	
New Albion	Frame manufacturer	10	http://newalbioncycles.com/	
New Balance	Manufacturer	10		
Next	Frame manufacturer	10	http://next-bike.com/	
Niner	Frame manufacturer	100	http://www.ninerbikes.com/	
Nirve	Frame manufacturer	10	http://www.nirve.com/	
Nishiki	Frame manufacturer	100	http://nishiki.com/	
Nite Ize	Manufacturer	10		
NiteRider	Manufacturer	10		
Nitto	Manufacturer	10		
Nokon	Manufacturer	10		
Norco Bikes	Frame manufacturer	100	http://www.norco.com/	
Norman Cycles	Frame manufacturer	10	http://www.normanmotorcycles.org.uk/	
North Shore Billet	Manufacturer	10		
Northrock	Frame manufacturer	10	http://www.northrockbikes.com/	
Novara	Frame manufacturer	500		
NuVinci	Manufacturer	10		
Nukeproof	Frame manufacturer	10	http://nukeproof.com/	
Nymanbolagen	Frame manufacturer	10		
O-Stand	Manufacturer	10		
O2	Manufacturer	10		
ODI	Manufacturer	10		
OHM	Frame manufacturer	10	http://ohmcycles.com/	
Odyssey	Manufacturer	10		
Ohio Travel Bag	Manufacturer	10		
Olmo	Frame manufacturer	10	http://www.olmobikes.com/	
On-One (On One)	Frame manufacturer	10	http://www.on-one.co.uk/	
OnGuard	Manufacturer	10		
One Way	Manufacturer	10		
Opel	Frame manufacturer	10	http://opelbikes.com/	
Optic Nerve	Manufacturer	10		
Optimus	Manufacturer	10		
Opus	Frame manufacturer	10	http://opusbike.com/en/	
Orange	Frame manufacturer	10	http://www.orangebikes.co.uk/	
Orange Seal	Manufacturer	10		
Orbea	Frame manufacturer	10	http://www.orbea.com/us-en/	
Orbit	Frame manufacturer	10	http://www.orbit-cycles.co.uk/	
Orient Bikes	Frame manufacturer	10	http://www.orient-bikes.gr/en	
Origin8 (Origin-8)	Frame manufacturer	10	http://www.origin-8.com/	
Ortlieb	Manufacturer	10		
Other	Frame manufacturer	500		
Otis Guy	Frame manufacturer	10	http://www.otisguycycles.com/	
Oury	Manufacturer	10		
OutGo	Manufacturer	10		
Owl 360	Manufacturer	10		
Oyama	Frame manufacturer	10	http://www.oyama.eu/	
Ozone	Manufacturer	10		
PDW	Manufacturer	10		
POC	Manufacturer	10		
PUBLIC bikes	Frame manufacturer	100	http://publicbikes.com/	
Pace Sportswear	Manufacturer	10		
Paceline Products	Manufacturer	10		
Pacific Cycle	Frame manufacturer	10	http://www.pacific-cycles.com/	
PackTowl	Manufacturer	10		
Pake	Frame manufacturer	10	http://www.pakebikes.com	
Panaracer	Manufacturer	10		
Panasonic	Frame manufacturer	10		
Paper Bicycle	Frame manufacturer	10	http://www.paper-bicycle.com/	
Park	Manufacturer	10		
Parkpre	Frame manufacturer	10	http://www.parkpre.com/	
Parlee	Frame manufacturer	10	http://www.parleecycles.com	
Pashley Cycles	Frame manufacturer	10	http://www.pashley.co.uk/	
Patria	Frame manufacturer	10	http://www.patria.net/en/bicycles/	
Paul	Manufacturer	10	http://www.paulcomp.com/	
Pearl Izumi	Manufacturer	10		
Pedco	Manufacturer	10		
Pedego	Frame manufacturer	10	http://www.pedegoelectricbikes.com/	
Pedersen bicycle	Frame manufacturer	10	http://www.pedersenbicycles.com/	
Pedro's	Manufacturer	10		
Pegoretti	Frame manufacturer	10	http://www.gitabike.com/cgi-bin/shop/pegoretti_loadhome.cgi?file=pegoretti.html	
Penguin Brands	Manufacturer	10		
Pereira	Frame manufacturer	10	http://www.pereiracycles.com/	
Performance	Frame manufacturer	10	http://www.performancebike.com/bikes	
Peugeot	Frame manufacturer	250	http://www.peugeot.com/en/products-services/cycles	
Phat Cycles	Frame manufacturer	10	http://www.phatcycles.com/	
Phil Wood	Manufacturer	10		
Philips	Manufacturer	10		
Phillips Cycles	Frame manufacturer	10	http://www.phillipscycles.co.uk/	
Phoenix	Frame manufacturer	10	http://www.cccme.org.cn/	
Phorm	Manufacturer	10		
Pierce-Arrow	Frame manufacturer	10	http://www.pierce-arrow.org	
Pilen	Frame manufacturer	10	http://www.pilencykel.se/site/en/home	
Pinarello	Frame manufacturer	10	http://www.racycles.com/	
Pinhead	Manufacturer	10	http://www.pinheadcomponents.com/	
Pitlock	Manufacturer	10	http://www.pitlock.com/	
Pivot	Frame manufacturer	10	http://www.pivotcycles.com/	
Planet Bike	Manufacturer	10		
Planet X	Frame manufacturer	10	http://www.planet-x-bikes.co.uk/	
Platypus	Manufacturer	10		
Pletscher	Manufacturer	10		
Po Campo	Manufacturer	10		
Pocket Bicycles	Frame manufacturer	10		
Pogliaghi	Frame manufacturer	10	http://en.wikipedia.org/wiki/Pogliaghi	
Polar	Manufacturer	10		
Polar Bottles	Manufacturer	10		
Polygon	Frame manufacturer	10	http://www.polygonbikes.com/	
Pope Manufacturing Company	Frame manufacturer	10		
Power Grips	Manufacturer	10		
PowerBar	Manufacturer	10		
PowerTap	Manufacturer	10		
Premium	Frame manufacturer	10	http://www.premiumbmx.com/	
Price	Frame manufacturer	10	http://www.price-bikes.ch/	
Primal Wear	Manufacturer	10		
Primo	Manufacturer	10		
Primus Mootry (PM Cycle Fabrication)	Frame manufacturer	10	http://www.primusmootry.com/	
Princeton Tec	Manufacturer	10		
Principia	Frame manufacturer	10	http://www.principia.dk/gb/	
Private label	Frame manufacturer	10	http://www.fujibikes.com/	
Pro-tec	Manufacturer	10		
ProBar	Manufacturer	10		
ProGold	Manufacturer	10		
Problem Solvers	Manufacturer	10		
Procycle Group	Frame manufacturer	10	http://www.procycle.com/en/default.asp	
Prodeco	Frame manufacturer	10	http://prodecotech.com/	
Profile Design	Manufacturer	10		
Profile Racing	Manufacturer	10		
Prologo	Manufacturer	10		
Promax	Manufacturer	10		
Prophete	Frame manufacturer	10	http://www.prophete.de/	
Puch	Frame manufacturer	10	http://www.puch.at/	
Pure Fix	Frame manufacturer	10	http://purefixcycles.com/	
Python	Frame manufacturer	10	http://www.pythonbikes.com/	
Python Pro	Frame manufacturer	10	http://pythonpro.dk/	
Q-Outdoor	Manufacturer	10		
Q-Tubes	Manufacturer	10		
QBP	Manufacturer	10		
Quadrant Cycle Company	Frame manufacturer	10		
Quest	Manufacturer	10		
Quik Stik	Manufacturer	10		
Quintana Roo	Frame manufacturer	10	http://www.quintanarootri.com/	
R12	Manufacturer	10		
RIH	Frame manufacturer	10	http://www.rih.nl	
RPM	Manufacturer	10		
RRB (Rat Rod Bikes)	Frame manufacturer	10	https://www.facebook.com/ratrodbikescom	
RST	Manufacturer	10		
Rabeneick	Frame manufacturer	10	http://www.rabeneick.de/bikes/	
RaceFace	Manufacturer	10		
Racktime	Manufacturer	10		
Radio Flyer	Frame manufacturer	10	http://www.radioflyer.com/trikes.html	
Raleigh	Frame manufacturer	500	http://www.raleighusa.com/	
Ram	Frame manufacturer	10	http://www.ram-bikes.com/eng/	
Rambler	Frame manufacturer	10	http://en.wikipedia.org/wiki/Rambler_(bicycle)	
Rans Designs	Frame manufacturer	10	http://www.rans.com/	
Rawland Cycles	Frame manufacturer	10	https://www.rawlandcycles.com/	
Razor	Frame manufacturer	10	http://www.razor.com/	
ReTale	Manufacturer	10		
Redline	Frame manufacturer	250	http://www.redlinebicycles.com	
Redlof	Frame manufacturer	10		
Reflect Sports	Manufacturer	10		
Regina	Frame manufacturer	10	http://www.reginabikes.it/	
Rema	Manufacturer	10		
Renthal	Manufacturer	10		
René Herse	Frame manufacturer	10	http://www.renehersebicycles.com/	
Republic	Frame manufacturer	10	http://www.republicbike.com/	
Republic of China	Frame manufacturer	10		
Resist	Manufacturer	10		
Retrospec	Frame manufacturer	10	http://www.retrospecbicycles.com/	
Revelate Designs	Manufacturer	10		
Revolights	Manufacturer	10	http://revolights.com/	
Rhythm	Manufacturer	10		
Ribble	Frame manufacturer	10	http://www.ribblecycles.co.uk/	
Ride2	Manufacturer	10		
Ridgeback	Frame manufacturer	10	http://www.ridgeback.co.uk/	
Ridley	Frame manufacturer	10	http://www.ridley-bikes.com/be/nl/intro	
Riese und Müller	Frame manufacturer	10	http://www.en.r-m.de/	
Ritchey	Frame manufacturer	10	http://ritcheylogic.com/	
Ritte	Frame manufacturer	10	http://rittecycles.com/	
Rivendell Bicycle Works	Frame manufacturer	10	http://www.rivbike.com/	
Roadmaster	Frame manufacturer	10		
Roberts Cycles	Frame manufacturer	10	http://www.robertscycles.com/	
Robin Hood	Frame manufacturer	10	http://www.robinhoodcycles.com/	
Rock Lobster	Frame manufacturer	10	http://www.rocklobstercycles.com/	
Rock-N-Roll	Manufacturer	10		
RockShox	Manufacturer	10		
Rocky Mountain Bicycles	Frame manufacturer	100		
Rocky Mounts	Manufacturer	10		
Rodriguez	Frame manufacturer	10	http://www.rodbikes.com/	
Rohloff	Manufacturer	10		
Rokform	Manufacturer	10		
Rola	Manufacturer	10		
Ross	Frame manufacturer	10	http://www.randyrrross.com/	
Rossignol	Manufacturer	10		
Rossin	Frame manufacturer	10	http://rossinbikes.it/	
Rover Company	Frame manufacturer	10	http://www.randyrrross.com/	
Rowbike	Frame manufacturer	10	http://www.rowbike.com/	
Rox	Manufacturer	10		
Royal	Manufacturer	10		
Royce Union 	Frame manufacturer	10	http://royceunionbikes.com/	
Rudge-Whitworth	Frame manufacturer	10		
S and M (S&M)	Frame manufacturer	10	http://www.sandmbikes.com	
S and S	Manufacturer	10		
SCOTT	Frame manufacturer	500	http://www.scott-sports.com/global/en/	
SDG	Manufacturer	10		
SE Bikes (SE Racing)	Frame manufacturer	250	http://www.sebikes.com	
SKS	Manufacturer	10		
SLS3	Manufacturer	10		
SR Suntour	Manufacturer	10		
SRAM	Manufacturer	250	http://www.sram.com	
SST	Manufacturer	10		
START	Manufacturer	10		
SWEAT GUTR	Manufacturer	10		
Salomon	Manufacturer	10		
Salsa	Frame manufacturer	250	http://salsacycles.com/	
SaltStick	Manufacturer	10		
Samchuly	Frame manufacturer	10	http://www.samchuly.co.kr/main/main.html	
Sancineto	Frame manufacturer	10		
Sanderson	Frame manufacturer	10	http://sanderson-cycles.com	
Santa Cruz	Frame manufacturer	100	http://www.santacruzbicycles.com/en	
Santana Cycles	Frame manufacturer	10	http://www.santanatandem.com/	
Saracen Cycles	Frame manufacturer	10	http://www.saracen.co.uk/	
Saris	Manufacturer	10		
Scania AB	Frame manufacturer	10	http://scania.com/	
Scattante	Frame manufacturer	100	http://www.performancebike.com/webapp/wcs/stores/servlet/SubCategory_10052_10551_400759_-1_400345_400345	
Schindelhauer	Frame manufacturer	10	http://www.schindelhauerbikes.com/	
Schwalbe	Manufacturer	10		
Schwinn	Frame manufacturer	500	http://www.schwinnbikes.com/	
Scotty	Manufacturer	10		
Seal Line	Manufacturer	10		
Sears Roebuck	Frame manufacturer	10		
Season	Frame manufacturer	10	http://seasonbikesbmx.com/	
Seattle Sports Company	Manufacturer	10		
Sekai	Frame manufacturer	10		
Sekine	Frame manufacturer	10		
Selle Anatomica	Manufacturer	10	http://selleanatomica.com	
Selle Italia	Manufacturer	10		
Selle Royal	Manufacturer	10		
Selle San Marco	Manufacturer	10		
Serotta	Frame manufacturer	10	http://serotta.com/	
Sette	Frame manufacturer	10	http://www.settebikes.com/	
Seven Cycles	Frame manufacturer	10	http://www.sevencycles.com/	
Shadow Conspiracy	Frame manufacturer	10	http://www.theshadowconspiracy.com/	
Shelby Cycle Company	Frame manufacturer	10		
Sherpani	Manufacturer	10		
Shimano	Manufacturer	10	http://bike.shimano.com	
Shinola	Frame manufacturer	10	http://www.shinola.com/	
Shogun	Frame manufacturer	10		
Shredder	Frame manufacturer	10	http://lilshredder.com/	
Sidi	Manufacturer	10		
Sierra Designs	Manufacturer	10		
Sigma	Manufacturer	10		
Silca	Manufacturer	10		
Simple Green	Manufacturer	10		
Simplon	Frame manufacturer	10	http://www.simplon.com	
Simson	Frame manufacturer	10		
Sinclair Research	Frame manufacturer	10	http://www.sinclairzx.com/	
Singletrack Solutions	Manufacturer	10		
Sinz	Manufacturer	10		
Six-Eleven	Frame manufacturer	10	http://sixelevenbicycleco.com/	
SixSixOne	Manufacturer	10		
Skadi	Manufacturer	10		
Skinz	Manufacturer	10		
Skratch Labs	Manufacturer	10		
Skyway 	Frame manufacturer	10		
Slime	Manufacturer	10		
Smartwool	Manufacturer	10		
SockGuy	Manufacturer	10		
Sohrab Cycles	Frame manufacturer	10	http://www.sohrab-cycles.com/index.php	
Solex	Frame manufacturer	10	http://www.solexworld.com/en/	
Solio	Manufacturer	10		
Solé (Sole bicycles)	Frame manufacturer	10	http://www.solebicycles.com/	
Soma	Frame manufacturer	100	http:// www.somafab.com	
Somec	Frame manufacturer	10	http://www.somec.com/	
Sonoma	Frame manufacturer	10	http://sonomabike.com/	
Soulcraft	Frame manufacturer	10	http://www.soulcraftbikes.com	
Source	Manufacturer	10		
Spalding Bicycles	Frame manufacturer	10		
Sparta B.V.	Frame manufacturer	10		
Specialized	Frame manufacturer	500	http://www.specialized.com/us/en/home/	
Spectrum	Frame manufacturer	10	http://www.spectrum-cycles.com/	
Speedfil	Manufacturer	10		
Speedwell bicycles	Frame manufacturer	10		
Spenco	Manufacturer	10		
Spicer	Frame manufacturer	10	http://www.spicercycles.com/	
SpiderTech	Manufacturer	10		
Spike	Manufacturer	10	http://spikeparts.com/	
Spinskins	Manufacturer	10		
Spooky	Frame manufacturer	10	http://www.spookybikes.com	
SportRack	Manufacturer	10		
Sportlegs	Manufacturer	10		
Sportourer	Manufacturer	10		
Spot	Frame manufacturer	10	http://spotbrand.com/	
Sprintech	Manufacturer	10		
Squeal Out	Manufacturer	10		
Squire	Manufacturer	10	http://www.squirelocks.co.uk/security_advice/secure_your_bicycle.html	
St. Tropez	Frame manufacturer	10		
Stages cycling (Power meters)	Frame manufacturer	10	http://www.stagescycling.com/stagespower	
Staiger	Frame manufacturer	10	http://www.staiger-fahrrad.de/	
Stan's No Tubes	Manufacturer	10		
Standard Byke	Frame manufacturer	10	http://www.standardbyke.com/	
Stanley	Manufacturer	10		
Stanridge Speed	Frame manufacturer	10	http://www.stanridgespeed.com/	
State Bicycle Co.	Frame manufacturer	10	http://www.statebicycle.com/	
Steadyrack	Manufacturer	10		
Steelman Cycles	Frame manufacturer	10	http://www.steelmancycles.com/	
Stein	Manufacturer	10		
Stein Trikes	Frame manufacturer	10	http://www.steintrikes.com/index.php	
Stelber Cycle Corp	Frame manufacturer	10		
Stella	Frame manufacturer	10		
Stem CAPtain	Manufacturer	10		
Sterling Bicycle Co.	Frame manufacturer	10		
Steve Potts	Frame manufacturer	10	http://www.stevepottsbicycles.com	
Stevens	Frame manufacturer	10	http://www.stevensbikes.de/2014/index.php	
Stevenson Custom Bicycles	Frame manufacturer	10	http://stevensoncustombikes.com/	
Stoemper	Frame manufacturer	10	http://stoemper.com/	
Stolen Bicycle Co.	Frame manufacturer	10		
Stop Flats 2	Manufacturer	10		
Strada Customs	Frame manufacturer	10	http://www.stradacustoms.com	
Stradalli Cycles	Frame manufacturer	10	http://www.carbonroadbikebicyclecycling.com/	
Straitline	Manufacturer	10		
Strida	Frame manufacturer	10		
Strider	Frame manufacturer	10	http://www.striderbikes.com/	
Stromer	Frame manufacturer	10	http://www.stromerbike.com/en/us	
Strong Frames	Frame manufacturer	10	http://www.strongframes.com/	
Sturmey-Archer	Manufacturer	10		
Stålhästen	Frame manufacturer	10	http://www.stalhasten.eu/st%C3%A5lh%C3%A4sten	
Subrosa	Frame manufacturer	10	http://subrosabrand.com/	
Suelo	Manufacturer	10		
Sugino	Manufacturer	10		
Sun	Frame manufacturer	10		
Sun Ringle	Manufacturer	10		
SunRace	Frame manufacturer	10	http://www.sunrace.com/	
Sunday	Frame manufacturer	10	http://www.sundaybikes.com	
Sunn	Frame manufacturer	10	https://www.facebook.com/sunn.bicycle	
Suomi	Manufacturer	10		
Superfeet	Manufacturer	10		
Supernova	Manufacturer	10		
Surly	Frame manufacturer	500	http://surlybikes.com	
Surrey	Frame manufacturer	10	http://www.internationalsurreyco.com	
Sutherlands	Manufacturer	10		
Suunto	Manufacturer	10		
Suzuki	Frame manufacturer	10		
Sweatpea Bicycles	Frame manufacturer	10	http://www.sweetpeabicycles.com/	
Swingset	Frame manufacturer	10	http://www.swingsetbicycles.com/	
Swix	Manufacturer	10		
Swobo	Frame manufacturer	10	http://shop.swobo.com/	
SyCip	Frame manufacturer	10	http://sycip.com/	
Syntace	Manufacturer	10		
T Mat Pro	Manufacturer	10		
TET Cycles (Tom Teesdale Bikes)	Frame manufacturer	10	http://tetcycles.com/	
TH Industries	Manufacturer	10		
TI Cycles of India	Frame manufacturer	10		
TRP	Manufacturer	10		
TYR	Manufacturer	10		
Tacx	Manufacturer	10	https://www.tacx.com/	
Takara	Frame manufacturer	10	http://takarabikes.com/	
Talisman	Frame manufacturer	10		
Tallac	Manufacturer	10	http://tallachouse.com/	
Tamer	Manufacturer	10		
Tange-Seiki	Manufacturer	10		
Tangent Products	Manufacturer	10		
Tati Cycles	Frame manufacturer	10	http://taticycles.com/	https://files.bikeindex.org/uploads/Ma/1209/tati.jpg
Taylor Bicycles (Paul Taylor)	Frame manufacturer	10	http://taylorbicycles.blogspot.com/	
Tec Labs	Manufacturer	10		
Tektro	Manufacturer	10		
Tern	Frame manufacturer	10	http://www.ternbicycles.com/us/	
Terra Trike	Frame manufacturer	10	http://www.terratrike.com/	
Terrible One	Frame manufacturer	10	http://www.terribleone.com	
Terrot	Frame manufacturer	10		
Terry	Frame manufacturer	10	http://www.terrybicycles.com/	
The Arthur Pequegnat Clock Company	Frame manufacturer	10		
The Bicycle Forge	Frame manufacturer	10	http://www.bicycleforge.com/	
The Hive	Manufacturer	10		
Thinksport	Manufacturer	10		
Thomson	Manufacturer	10		
Thorn Cycles	Frame manufacturer	10		
Thruster	Frame manufacturer	10	http://walmart.com	
Thule	Frame manufacturer	10	http://www.thule.com	
Ti Cycles	Frame manufacturer	10	http://ticycles.com/	
Tigr	Manufacturer	10	http://tigrlock.com	
Timbuk2	Manufacturer	10		
Time	Frame manufacturer	10	http://www.time-sport.com/	
Timex	Manufacturer	10		
Tioga	Manufacturer	10		
Titan	Frame manufacturer	10	http://www.titanracingbikes.com/	
Titus	Frame manufacturer	10	http://www.titusti.com	
Toko	Manufacturer	10		
Tommasini	Frame manufacturer	10	http://tommasinibicycle.com/	
Tommaso	Frame manufacturer	10	http://tommasobikes.com/	
Tony Hawk	Frame manufacturer	10	http://www.toysrus.com/	
Topeak	Manufacturer	10		
TorHans	Manufacturer	10		
Torelli	Frame manufacturer	10	http://www.torelli.com/	
Torker	Frame manufacturer	250		
Tour de France	Frame manufacturer	10	http://cyclefg.com/	
Toyo	Frame manufacturer	10	http://toyoframe.com/	
Traitor	Frame manufacturer	10	http://www.traitorcycles.com	
Transit	Manufacturer	10	http://www.performancebike.com/bikes/CategoryDisplay?catalogId=10551&storeId=10052&categoryId=400763&langId=-1&parent_category_rn=400345&top_category=400345&pageView=	
Transition Bikes	Frame manufacturer	10	http://www.transitionbikes.com/	
Tranz-X	Manufacturer	10		
Tree	Manufacturer	10		
Trek	Frame manufacturer	500	http://www.trekbikes.com/us/en/	
Tressostar	Manufacturer	10		
TriFlow	Manufacturer	10		
TriSlide	Manufacturer	10		
TriSwim	Manufacturer	10		
Trigger Point	Manufacturer	10		
Trik Topz	Manufacturer	10		
Trinx	Frame manufacturer	10	http://www.trinx.com/	
Triumph Cycle	Frame manufacturer	10		
TruVativ	Manufacturer	10		
Tubasti	Manufacturer	10		
Tufo	Manufacturer	10		
Tunturi	Frame manufacturer	10		
Turin	Frame manufacturer	10	http://www.turinbicycle.com/	
Turner Bicycles	Frame manufacturer	10	http://www.turnerbikes.com/	
Twin Six	Manufacturer	10		
TwoFish	Manufacturer	10		
UCLEAR	Manufacturer	10		
UCO	Manufacturer	10		
Uline	Manufacturer	10		
Ultimate Survival Technologies	Manufacturer	10		
UltraPaws	Manufacturer	10		
Umberto Dei	Frame manufacturer	10	http://umbertodei.it/index.htm	
Unior	Manufacturer	10		
Univega	Frame manufacturer	100		
Unknown	Frame manufacturer	250		
Upland	Frame manufacturer	10	http://www.uplandbicycles.com/	
Urago	Frame manufacturer	10		
Utopia	Frame manufacturer	10		
VP Components	Manufacturer	10		
VSF Fahrradmanufaktur	Frame manufacturer	10	http://www.fahrradmanufaktur.de	
Valdora	Frame manufacturer	10		
Van Dessel	Frame manufacturer	10	http://www.vandesselsports.com/	
Van Herwerden	Frame manufacturer	10	http://www.vanherwerden.nl/	
Vanilla	Frame manufacturer	10	http://www.thevanillaworkshop.com/	
Vanmoof	Frame manufacturer	10	http://vanmoof.com/	
Vargo	Manufacturer	10		
Vassago	Frame manufacturer	10	http://www.vassagocycles.com/	
Vee Rubber	Manufacturer	10		
Velo	Manufacturer	10		
Velo Orange	Frame manufacturer	10	http://www.velo-orange.com/	
Velo Press	Manufacturer	10		
Velo Vie	Frame manufacturer	10		
Velocity	Manufacturer	10		
Velomotors	Frame manufacturer	10		
Velorbis	Frame manufacturer	10	http://www.velorbis.com/velorbis-collections/velorbis-bicycles	
Velox	Manufacturer	10		
Verde	Frame manufacturer	10	http://verdebmx.com/2013completes/	
Versa	Manufacturer	10		
Vilano	Frame manufacturer	10	http://www.vilanobikes.com	
Villy Customs	Frame manufacturer	10		
Vincero Design	Manufacturer	10		
Vindec High Riser	Frame manufacturer	10		
Virtue	Frame manufacturer	10	http://www.virtuebike.com	
Viscount	Frame manufacturer	10		
Vision	Frame manufacturer	10	http://www.visiontechusa.com/	
Vittoria	Manufacturer	10		
Vitus	Frame manufacturer	10		
Viva	Frame manufacturer	10	http://www.vivabikes.com/	
Vivente	Frame manufacturer	10	http://www.viventebikes.com/	
Volae	Frame manufacturer	10		
Volagi	Frame manufacturer	10	http://www.volagi.com/	
Volume	Frame manufacturer	10		
Voodoo	Frame manufacturer	10	http://voodoocycles.net/	
Vortrieb	Frame manufacturer	10	http://www.vortrieb.com/	
VéloSoleX	Frame manufacturer	10		
WD-40 Bike	Manufacturer	10		
WTB	Manufacturer	10		
Wabi Cycles	Frame manufacturer	10	http://www.wabicycles.com/index.html	
Wahoo Fitness	Manufacturer	10		
Wald	Manufacturer	10		
Walking Bird	Manufacturer	10		
Waterford	Frame manufacturer	10	http://waterfordbikes.com/w/	
WeThePeople	Frame manufacturer	10		
WeeRide	Frame manufacturer	10	http://www.weeride.com/	
Weehoo	Frame manufacturer	10	http://rideweehoo.com/	
Wellgo	Manufacturer	10		
Wheels Manufacturing	Manufacturer	10		
Wheelsmith	Manufacturer	10		
Where to Bike	Manufacturer	10		
Whisky Parts Co	Manufacturer	10		
Whispbar	Manufacturer	10		
White Bros	Manufacturer	10		
White Lightning	Manufacturer	10		
Wigwam	Manufacturer	10		
Wilderness Trail Bikes	Frame manufacturer	10		
Wilier Triestina	Frame manufacturer	10		
Williams	Manufacturer	10		
Willworx	Manufacturer	10		
Win	Manufacturer	10		
Windsor	Frame manufacturer	10	http://www.windsorbicycles.com/	
Winora	Frame manufacturer	10	http://www.winora.de/	
Winter Bicycles	Frame manufacturer	10	http://www.winterbicycles.com/	
Wippermann	Manufacturer	10		
Witcomb Cycles	Frame manufacturer	10		
Witz	Manufacturer	10		
Wooden Bike Coffee	Manufacturer	10		
WordLock	Frame manufacturer	10	http://wordlock.com/	
WorkCycles	Frame manufacturer	10	http://www.workcycles.com/	
Worksman Cycles	Frame manufacturer	10	http://www.worksmancycles.com/	
World Jerseys	Manufacturer	10		
Wright Cycle Company	Frame manufacturer	10		
X-Fusion	Manufacturer	10		
X-Lab	Manufacturer	10		
X-Treme	Frame manufacturer	10	http://www.x-tremescooters.com	
Xds	Frame manufacturer	10	http://www.xdsbicycles.com/	
Xootr	Frame manufacturer	10		
Xpedo	Manufacturer	10		
Xtracycle	Frame manufacturer	10	http://www.xtracycle.com/	
YST	Manufacturer	10		
Yakima	Manufacturer	10		
Yaktrax	Manufacturer	10		
Yamaguchi Bicycles	Frame manufacturer	10	http://www.yamaguchibike.com/content/Index	
Yamaha	Frame manufacturer	10		
Yankz	Manufacturer	10		
Yeti	Frame manufacturer	100	http://www.yeticycles.com	
Yuba	Frame manufacturer	10	http://yubabikes.com/	
Yurbuds	Manufacturer	10		
Zensah	Manufacturer	10		
Zigo	Frame manufacturer	10		
Zinn Cycles	Frame manufacturer	10	http://zinncycles.com	
Zipp Speed Weaponry	Manufacturer	10		
Zoic	Manufacturer	10		
Zoom	Manufacturer	10		
Zoot	Manufacturer	10		
Zycle Fix	Frame manufacturer	10	http://zyclefix.com/	
b'Twin	Frame manufacturer	10	http://www.btwin.com/en/home	
beixo	Frame manufacturer	10	http://www.beixo.com/	
de Fietsfabriek 	Frame manufacturer	10	http://www.defietsfabriek.nl/	
di Florino	Frame manufacturer	10		
e*thirteen	Manufacturer	10		
eGear	Manufacturer	10		
eZip	Frame manufacturer	10	http://www.currietech.com/	
eflow (Currietech)	Frame manufacturer	10	http://www.currietech.com/	
elete	Manufacturer	10		
epicRIDES	Manufacturer	10		
name	Frame manufacturer	10	http:// website	
nuun	Manufacturer	10		
sixthreezero	Frame manufacturer	10	http://www.sixthreezero.com/	
van Andel/Bakfiets	Frame manufacturer	10	http://www.bakfiets.nl/	
