id	text	category	priority	website	logo
7	24seven	Frame manufacturer	10	http://www.leisurelakesbikes.com/bikes/bmx-bikes/b/24seven	
1125	3G	Frame manufacturer	10	http://www.3gbikes.com/	
375	3T	Manufacturer	10		
374	3rd Eye	Manufacturer	10		
1112	3rensho	Frame manufacturer	10		
376	45North	Manufacturer	10		
377	4ZA	Manufacturer	10		
1274	6KU	Frame manufacturer	10	http://6kubikes.com	https://files.bikeindex.org/uploads/Ma/1274/6kubikescom.png
1113	9 zero 7	Frame manufacturer	10	https://www.facebook.com/9Zero7Bikes	
378	A-Class	Manufacturer	10		
8	A-bike	Frame manufacturer	10	http://www.a-bike.co.uk/	
1212	A2B e-bikes	Frame manufacturer	10	http://www.wearea2b.com/us/	
380	ABI	Manufacturer	10		
384	ACS	Manufacturer	10		
1255	AGang	Frame manufacturer	10	http://www.agang.eu	
24	ALAN	Frame manufacturer	10	http://www.alanbike.it/	
29	AMF	Frame manufacturer	10		
1268	AXA	Manufacturer	10	http://www.axa-stenman.com/en/bicycle-components/locks/frame-locks/defender/	
379	Aardvark	Manufacturer	10		
9	Abici	Frame manufacturer	10	http://www.abici-italia.it/en/index.html	
107	Abus	Manufacturer	10	http://www.abus.com/eng/Mobile-Security/Bike-safety-and-security/Locks	
382	Accelerade	Manufacturer	10		
10	Accell	Frame manufacturer	10	http://www.accell-group.com/uk/accell-group.asp	
1042	Access	Frame manufacturer	10	https://www.performancebike.com/	
383	Acros	Manufacturer	10		
1293	Acstar	Frame manufacturer	10	http://www.acstar.cz/	
1258	Adams (Trail a bike)	Frame manufacturer	10	http://www.trail-a-bike.com/	
77	Adolphe Clément	Frame manufacturer	10		
385	Adventure Medical Kits	Manufacturer	10		
1260	Aegis	Frame manufacturer	10	http://www.aegisbicycles.com/home.html	
1002	Aerofix Cycles	Frame manufacturer	10	http://www.aerofixcycles.com/	
1199	Affinity Cycles	Frame manufacturer	10	http://affinitycycles.com/	
386	AheadSet	Manufacturer	10		
1133	Airborne	Frame manufacturer	10	http://www.airbornebicycles.com/	
23	Aist Bicycles	Frame manufacturer	10	http://aist-bike.com/	
387	Aladdin	Manufacturer	10		
25	Alcyon	Frame manufacturer	10		
388	Alex	Manufacturer	10		
214	Alexander Leutner & Co.	Frame manufacturer	10		
1013	Alien Bikes	Frame manufacturer	10	http://alienbikes.com/	
389	Alienation	Manufacturer	10		
390	Alite Designs	Manufacturer	10		
371	All City	Frame manufacturer	100	http://allcitycycles.com	https://files.bikeindex.org/uploads/Ma/371/all-city.png
26	Alldays & Onions	Frame manufacturer	10		
1257	Alliance	Frame manufacturer	10	http://alliancebicycles.com/	
1366	Alton	Frame manufacturer	10	http://altonus.com/	
27	American Bicycle Company	Frame manufacturer	10		
391	American Classic	Manufacturer	10		
28	American Machine and Foundry	Frame manufacturer	10		
31	American Star Bicycle	Frame manufacturer	10		
1355	Amoeba	Frame manufacturer	10	http://www.amoebaparts.com/	
392	And	Manufacturer	10		
393	Andiamo	Manufacturer	10		
394	Answer BMX	Manufacturer	10		
1099	Apollo	Frame manufacturer	10	http://www.apollobikes.com/	
396	Aqua Sphere	Manufacturer	10		
397	Aquamira	Manufacturer	10		
398	Arai	Manufacturer	10		
1379	Ares	Frame manufacturer	10	http://www.aresbikes.com/	
32	Argon 18	Frame manufacturer	10	http://www.argon18bike.com/velo.html	
1081	Asama	Frame manufacturer	10	http://www.asamabicycles.com/	
994	Asda	Frame manufacturer	10	http://direct.asda.com/Bikes/AD080202,default,sc.html	
399	Assos	Manufacturer	10		
17	Atala	Frame manufacturer	10		
400	Atomlab	Frame manufacturer	10	http://www.atomlab.com/	
33	Author	Frame manufacturer	10	http://www.author.eu/	
1126	Avalon	Frame manufacturer	10	http://www.walmart.com/	
34	Avanti	Frame manufacturer	10	http://www.avantibikes.com/nz/	
1059	Aventón	Frame manufacturer	10	http://aventonbikes.com/	
401	Avid	Manufacturer	10		
402	Axiom	Manufacturer	10		
403	Axle Release	Manufacturer	10		
1156	Azonic	Frame manufacturer	10	http://www.oneal.com/index.php/home/azonic-prime	
1120	Azor	Frame manufacturer	10	http://www.azor.nl/	
404	Aztec	Manufacturer	10		
1101	Azzuri	Frame manufacturer	10	http://www.azzurribikes.com/	
410	BCA	Manufacturer	10		
36	BH Bikes (Beistegui Hermanos)	Frame manufacturer	10	http://bhbikes-us.com	
359	BMC	Frame manufacturer	10	http://www.bmc-racing.com	https://files.bikeindex.org/uploads/Ma/359/wwwbmcracingcom.png
424	BOB	Manufacturer	10	http://www.bobgear.com/bike-trailers	
429	BONT	Manufacturer	10		
431	BOX	Manufacturer	10		
437	BSD	Manufacturer	10		
1015	BULLITT	Frame manufacturer	10	http://www.larryvsharry.com/english/	
989	Bacchetta	Frame manufacturer	10	http://www.bacchettabikes.com/	
405	Backpacker's Pantry	Manufacturer	10		
1025	Backward Circle	Frame manufacturer	10	http://www.backwardcircle.com/	
406	Bahco	Manufacturer	10		
958	Bailey	Frame manufacturer	10	http://www.bailey-bikes.com	
407	Baladeo	Manufacturer	10		
1307	Bamboo Cycles	Frame manufacturer	10	http://bamboocycles.com/	
408	Banjo Brothers	Manufacturer	10		
1066	Banshee bikes	Frame manufacturer	10	http://www.bansheebikes.com	https://files.bikeindex.org/uploads/Ma/1066/wwwbansheebikescom.png
1362	Bantam (Bantam Bicycle works)	Frame manufacturer	10	http://www.bantambicycles.com/	
409	Bar Mitts	Manufacturer	10		
1134	Barracuda	Frame manufacturer	10	http://www.barracudabikes.co.uk/	
35	Basso	Frame manufacturer	10	http://www.bassobikes.com/	
18	Batavus	Frame manufacturer	10	http://www.batavus.com/	
1223	Bazooka	Frame manufacturer	10	http://www.bazookasports.com/	
1044	BeOne	Frame manufacturer	10	http://www.beone-bikes.com/	
1024	Beater Bikes	Frame manufacturer	10	http://beaterbikes.net/	
1235	Bell	Manufacturer	10		
411	Bellwether	Manufacturer	10		
1110	Benotto	Frame manufacturer	10		
1031	Bergamont	Frame manufacturer	10	http://www.bergamont.de/	
1383	Bertoni	Frame manufacturer	10		
412	Bertucci	Manufacturer	10		
129	Bianchi	Frame manufacturer	500	http://www.bianchi.com/	
39	Bickerton	Frame manufacturer	10		
413	Bicycle Research	Manufacturer	10		
414	Big Agnes Inc	Manufacturer	10		
1152	Big Shot	Frame manufacturer	10	http://www.bigshotbikes.com/	
415	Bike Fit Systems	Manufacturer	10		
40	Bike Friday	Frame manufacturer	10	http://bikefriday.com/	
1017	Bike Mielec	Frame manufacturer	10	http://www.bikemielec.com/	
416	Bike Ribbon	Manufacturer	10		
417	Bike-Aid	Manufacturer	10		
418	Bike-Eye	Manufacturer	10		
419	Bike-O-Vision	Manufacturer	10		
1148	Bike4Life	Frame manufacturer	10		
1100	BikeE recumbents	Frame manufacturer	10		
420	Bikes Belong	Manufacturer	10		
421	Bikeverywhere	Manufacturer	10		
41	Bilenky Cycle Works	Frame manufacturer	10	http://www.bilenky.com/Home.html	
42	Biomega	Frame manufacturer	10	http://biomega.dk/biomega.aspx	
422	BionX	Manufacturer	10		
255	Birdy	Frame manufacturer	10	http://www.birdybike.com/	
944	Biria	Frame manufacturer	10	http://www.biria.com/	
43	Birmingham Small Arms Company	Frame manufacturer	10		
1350	Bishop	Frame manufacturer	10	http://bishopbikes.com/	
423	Black Diamond	Manufacturer	10		
109	Black Market	Frame manufacturer	10	http://www.blackmarketbikes.com	
1178	Black Mountain Cycles	Frame manufacturer	10	http://www.blackmtncycles.com/	
1034	Black Sheep Bikes	Frame manufacturer	10	http://blacksheepbikes.com/	
1167	Blue	Frame manufacturer	10	http://www.rideblue.com/	
44	Boardman Bikes	Frame manufacturer	10	http://www.boardmanbikes.com/	
1032	Bobbin	Frame manufacturer	10	http://www.bobbinbikes.co.uk/	
425	BodyGlide	Manufacturer	10		
426	Boeshield	Manufacturer	10		
45	Bohemian Bicycles	Frame manufacturer	10	http://www.bohemianbicycles.com/	
427	Bondhus	Manufacturer	10		
428	Bonk Breaker	Manufacturer	10		
1286	Boo Bicycles	Frame manufacturer	10	http://boobicycles.com/	
1304	Boreal	Frame manufacturer	10	http://borealbikes.com/	
1305	Borealis (fat bikes)	Frame manufacturer	10	http://www.borealisbikes.com/	
430	Boreas Gear	Manufacturer	10		
48	Borile	Frame manufacturer	10	http://www.borile.it/gb_chi.html	
49	Bottecchia	Frame manufacturer	10	http://www.bottecchia.co.uk/	
1016	Boulder Bicycles	Frame manufacturer	10	http://www.renehersebicycles.com/Randonneur%20bikes.htm	
432	Brannock Device Co	Manufacturer	10		
51	Brasil & Movimento	Frame manufacturer	10	http://www.brasilemovimento.com.br	
433	Brave Soldier	Manufacturer	10		
1354	Breadwinner	Frame manufacturer	10	http://breadwinnercycles.com/	
1363	Breakbrake17 Bicycle Co.	Frame manufacturer	10	http://breakbrake17.com/	
941	Breezer	Frame manufacturer	100	http://www.breezerbikes.com/	
52	Brennabor	Frame manufacturer	10	http://brennabor.pl/	
53	Bridgestone	Frame manufacturer	100	http://www.bridgestone.com/	
1381	Brilliant Bicycle	Frame manufacturer	10	http://brilliant.co/	
54	British Eagle	Frame manufacturer	10		
1128	Brodie	Frame manufacturer	10	http://www.brodiebikes.com/2014/	
1246	Broke Bikes	Frame manufacturer	10	https://brokebik.es/	
55	Brompton Bicycle	Frame manufacturer	10	http://www.brompton.co.uk/	
1098	Brooklyn Bicycle Co.	Frame manufacturer	10	http://www.brooklynbicycleco.com/	
435	Brooks England LTD.	Manufacturer	10	http://www.brooksengland.com/	
1239	Browning	Frame manufacturer	10		
56	Brunswick Corporation	Frame manufacturer	10	http://www.brunswick.com/	
436	Brush Research	Manufacturer	10		
1265	Budnitz	Frame manufacturer	10	http://budnitzbicycles.com/	
438	Buff	Manufacturer	10		
439	Burley	Manufacturer	10		
57	Burley Design	Frame manufacturer	10	http://www.burley.com/	
440	Bushnell	Manufacturer	10		
441	Buzzy's	Manufacturer	10		
271	CCM	Frame manufacturer	10		
450	CDI Torque Products	Manufacturer	10		
1369	CETMA Cargo	Frame manufacturer	10	http://cetmacargo.com/	
72	CHUMBA Racing	Frame manufacturer	10	http://chumbabikes.com/	
468	CRUD	Manufacturer	10		
469	CST	Manufacturer	10		
1093	CVLN (Civilian)	Frame manufacturer	10	http://www.ridecvln.com/	
471	CX Tape	Manufacturer	10		
442	Caffelatex	Manufacturer	10		
58	Calcott Brothers	Frame manufacturer	10		
59	Calfee Design	Frame manufacturer	10	http://www.calfeedesign.com/	
443	California Springs	Manufacturer	10		
60	Caloi	Frame manufacturer	10	http://www.caloi.com/home/	
444	Camelbak	Manufacturer	10	http://www.camelbak.com/	
445	Camillus	Manufacturer	10		
446	Campagnolo	Manufacturer	10	http://www.campagnolo.com/	
61	Campion Cycle Company	Frame manufacturer	10		
447	Cane Creek	Manufacturer	10	http://www.canecreek.com/	
1183	Canfield Brothers	Frame manufacturer	10	http://canfieldbrothers.com/	
62	Cannondale	Frame manufacturer	500	http://www.cannondale.com/	
63	Canyon bicycles	Frame manufacturer	10	http://www.canyon.com/	
448	Carmichael Training Systems	Manufacturer	10		
64	Carrera bicycles	Frame manufacturer	10	http://www.carrera-podium.it/	
449	CatEye	Manufacturer	10		
66	Catrike	Frame manufacturer	10	http://www.catrike.com/	
1179	Cayne	Frame manufacturer	10	http://www.sun.bike/	
68	Centurion	Frame manufacturer	100	http://www.centurion.de/en_int	
451	CeramicSpeed	Manufacturer	10		
69	Cervélo	Frame manufacturer	100	http://www.cervelo.com/en/	
452	Chadwick	Manufacturer	10		
453	Challenge	Manufacturer	10		
940	Charge	Frame manufacturer	10	http://www.chargebikes.com/	
1129	Chariot	Frame manufacturer	10	http://www.thule.com/en-us/us/products/active-with-kids	
454	Chase	Manufacturer	10		
70	Chater-Lea	Frame manufacturer	10		
71	Chicago Bicycle Company	Frame manufacturer	10		
455	Chris King	Manufacturer	10		
1247	Christiania Bikes	Frame manufacturer	10	http://christianiabikes.com/en/	
456	Chromag	Frame manufacturer	10	http://www.chromagbikes.com	
1218	Cielo	Frame manufacturer	10	http://cielo.chrisking.com/	
1084	Cignal	Frame manufacturer	10		
73	Cilo	Frame manufacturer	10		
74	Cinelli	Frame manufacturer	10	http://www.cinelli-usa.com/	
1130	Ciocc	Frame manufacturer	10	http://www.ciocc.it/	
1068	Citizen Bike	Frame manufacturer	10	http://www.citizenbike.com/	
937	City Bicycles Company	Frame manufacturer	10	http://citybicycleco.com	https://files.bikeindex.org/uploads/Ma/937/citybicyclecocom.png
372	Civia	Frame manufacturer	10	http://www.civiacycles.com	https://files.bikeindex.org/uploads/Ma/372/wwwciviacyclescom.png
75	Clark-Kent	Frame manufacturer	10		
76	Claud Butler	Frame manufacturer	10	http://claudbutler.co.uk/	
457	Clean Bottle	Manufacturer	10		
458	Clement	Manufacturer	10		
459	Cloud Nine	Manufacturer	10		
460	Club Roost	Manufacturer	10		
78	Co-Motion	Frame manufacturer	10	http://www.co-motion.com/	
79	Coker Tire	Frame manufacturer	10	http://www.cokertire.com/	
80	Colnago	Frame manufacturer	10	http://www.colnago.com/bicycles/	
1225	Colony	Frame manufacturer	10	http://www.colonybmx.com	
1374	Colossi	Frame manufacturer	10	http://www.colossicycling.com/	
1146	Columbia	Frame manufacturer	10		
1295	Columbus Tubing	Frame manufacturer	10	http://www.columbustubi.com/	
461	Competition Cycles Services	Manufacturer	10		
959	Condor	Frame manufacturer	10	http://www.condorcycles.com/	
978	Conor	Frame manufacturer	10	http://www.conorbikes.com/	
462	Continental	Manufacturer	10		
463	Contour Sport	Manufacturer	10		
1060	Cook Bros. Racing	Frame manufacturer	10		
936	Cooper Bikes	Frame manufacturer	10	http://www.cooperbikes.com	https://files.bikeindex.org/uploads/Ma/936/wwwcooperbikescom.png
81	Corima	Frame manufacturer	10	http://www.corima.com/	
1205	Corratec	Frame manufacturer	10	http://www.corratec.com/	
82	Cortina Cycles	Frame manufacturer	10	http://www.cortinacycles.com/	
1139	Cove	Frame manufacturer	10	http://covebike.com/	
464	Craft	Manufacturer	10		
465	Crank Brothers	Manufacturer	10		
1220	Crank2	Frame manufacturer	10	http://www.crank-2.com	
466	Crazy Creek	Manufacturer	10		
1095	Create	Frame manufacturer	10	http://www.createbikes.com/	
1224	Creme Cycles	Frame manufacturer	10	http://cremecycles.com	https://files.bikeindex.org/uploads/Ma/1224/cremecyclescom.png
467	Crescent Moon	Manufacturer	10		
1253	Crew	Frame manufacturer	10	http://crewbikeco.com/	
935	Critical Cycles	Frame manufacturer	10	http://www.criticalcycles.com/	
1348	Crumpton	Frame manufacturer	10	http://www.crumptoncycles.com/	
1391	Cruzbike	Frame manufacturer	10	http://cruzbike.com/	
83	Cube	Frame manufacturer	10	http://www.cube.eu/en/cube-bikes/	
470	CueClip	Manufacturer	10		
362	Cult	Frame manufacturer	10	http://www.cultcrew.com	
1115	Currie Technology (Currietech)	Frame manufacturer	10	http://www.currietech.com/	
84	Currys	Frame manufacturer	10	http://www.currys.co.uk/gbuk/index.html	
1367	Cyclamatic	Frame manufacturer	10		
472	Cycle Dog	Manufacturer	10		
89	Cycle Force Group	Frame manufacturer	10	http://www.cyclefg.com/	
473	Cycle Stuff	Manufacturer	10		
474	CycleAware	Manufacturer	10		
475	CycleOps	Manufacturer	10		
964	CyclePro	Frame manufacturer	10		
1291	Cycles Fanatic	Frame manufacturer	10	http://www.cyclesfanatic.com/	
145	Cycles Follis	Frame manufacturer	10		
1385	Cycles Toussaint	Frame manufacturer	10	http://www.cyclestoussaint.com/	
4	Cycleurope	Frame manufacturer	10	http://www.cycleurope.com	
476	Cyclo	Manufacturer	10		
477	Cycloc	Manufacturer	10		
90	Cyfac	Frame manufacturer	10	http://www.cyfac.fr/index.aspx	
478	CygoLite	Manufacturer	10		
479	Cytosport	Manufacturer	10		
480	DAJO	Manufacturer	10		
1203	DEAN	Frame manufacturer	10	http://www.deanbikes.com	https://files.bikeindex.org/uploads/Ma/1203/wwwdeanbikescom.png
1127	DHS	Frame manufacturer	10	http://www.dhsbike.hu/	
493	DIG BMX	Manufacturer	10		
1132	DK Bikes	Frame manufacturer	10	http://www.dkbicycles.com/	
496	DMR Bikes	Frame manufacturer	10	http://www.dmrbikes.com/	
497	DNP	Manufacturer	10		
498	DT Swiss	Manufacturer	10		
501	DZ Nuts	Manufacturer	10		
91	Da Bomb Bikes	Frame manufacturer	10	http://www.dabombbike.com/	
1292	Daccordi	Frame manufacturer	10	http://www.daccordicicli.com/	
92	Dahon	Frame manufacturer	100	http://www.dahon.com/	
1219	Davidson	Frame manufacturer	10	http://davidsonbicycles.com/	
93	Dawes Cycles	Frame manufacturer	10	http://www.dawescycles.com/	
96	De Rosa	Frame manufacturer	10	http://www.derosanews.com/	
1087	DeBernardi	Frame manufacturer	10	http://www.zarbikes.com/zar/about-debernardi.html	
483	DeFeet	Manufacturer	10		
1244	DeSalvo Cycles	Frame manufacturer	10	http://www.desalvocycles.com/	
1300	Decathlon	Frame manufacturer	10	http://www.decathlon.fr	https://files.bikeindex.org/uploads/Ma/1300/wwwdecathlonfr.png
481	Deco	Manufacturer	10		
482	Deda Elementi	Manufacturer	10		
1008	Deity	Frame manufacturer	10	http://www.deitycomponents.com/	
1131	Del Sol	Frame manufacturer	10	http://www.ridedelsol.com/bikes	
1346	Della Santa	Frame manufacturer	10	http://dellasanta.com/	
484	Delta	Manufacturer	10		
485	Deluxe	Manufacturer	10		
486	Demolition	Manufacturer	10		
95	Den Beste Sykkel	Frame manufacturer	10	http://www.dbs.no/	
1242	Dengfu	Frame manufacturer	10	http://dengfubikes.com/	
5	Derby Cycle	Frame manufacturer	10	http://www.derby-cycle.com/en.html	
487	Dermatone	Manufacturer	10		
488	Dero	Manufacturer	10		
1206	Detroit Bikes	Frame manufacturer	10	http://detroitbikes.com/	
489	Deuter	Manufacturer	10		
97	Devinci	Frame manufacturer	10	http://www.devinci.com/home.html	
98	Di Blasi Industriale	Frame manufacturer	10	http://www.diblasi.it/?lng=en	
490	Dia-Compe	Manufacturer	10		
491	DiaTech	Manufacturer	10		
1237	Diadora	Frame manufacturer	10	http://www.diadoraamerica.com/	
99	Diamant	Frame manufacturer	10	http://www.diamantrad.com/home/	
199	Diamondback	Frame manufacturer	500	http://www.diamondback.com/	
492	Dicta	Manufacturer	10		
494	Dimension	Manufacturer	10		
495	Discwing	Manufacturer	10		
1	Doberman	Frame manufacturer	10	http:// https://www.facebook.com/DobermannBikes	
967	Dodici Milano	Frame manufacturer	10	http://www.dodicicicli.com/	
1057	Dolan	Frame manufacturer	10	http://www.dolan-bikes.com/	
6	Dorel Industries	Frame manufacturer	10	http://www.dorel.com/	
499	Dual Eyewear	Manufacturer	10		
500	Dualco	Manufacturer	10		
121	Dynacraft	Frame manufacturer	10	http://www.dynacraftbike.com/	
1208	Dynamic Bicycles	Frame manufacturer	10	http://www.dynamicbicycles.com/	
927	Dyno	Frame manufacturer	10		
503	E-Case	Manufacturer	10		
310	E. C. Stearns Bicycle Agency	Frame manufacturer	10		
356	EAI (Euro Asia Imports)	Frame manufacturer	10	http://www.euroasiaimports.com/aboutus.asp	
506	EBC	Manufacturer	10		
1277	EG Bikes (Metronome)	Frame manufacturer	10	http://www.egbike.com/	
508	EK USA	Manufacturer	10		
1200	EMC Bikes	Frame manufacturer	10	http://www.emcbikes.com/	
516	ENVE Composites	Manufacturer	10		
521	ESI	Manufacturer	10		
523	EVS Sports	Manufacturer	10		
1356	EZ Pedaler (EZ Pedaler electric bikes)	Frame manufacturer	10	http://www.ezpedaler.com/	
124	Eagle Bicycle Manufacturing Company	Frame manufacturer	10	http:// none	
504	Eagles Nest Outfitters	Manufacturer	10		
183	East Germany	Frame manufacturer	10	http://www.easternbikes.com/dealers/	
505	Eastern	Frame manufacturer	10	http://easternbikes.com/	
1196	Easy Motion	Frame manufacturer	10	http://www.emotionbikesusa.com/	
973	Ebisu	Frame manufacturer	10	http://www.jitensha.com/eng/aboutframes_e.html	
225	Eddy Merckx	Frame manufacturer	10	http://www.eddymerckx.be/	
1028	Edinburgh Bicycle Co-operative	Frame manufacturer	10	http://www.edinburghbicycle.com/	
1090	EighthInch	Frame manufacturer	10	http://www.eighthinch.com	https://files.bikeindex.org/uploads/Ma/1090/wwweighthinchcom.png
125	Electra	Frame manufacturer	250	http://www.electrabike.com/	
510	Elevn Technologies	Manufacturer	10		
511	Elite SRL	Manufacturer	10		
1233	Elliptigo	Frame manufacturer	10	http://www.elliptigo.com/	
1236	Ellis	Frame manufacturer	10	http://www.elliscycles.com/	
126	Ellis Briggs	Frame manufacturer	10	http://www.ellisbriggscycles.co.uk/	
127	Ellsworth	Frame manufacturer	10	http:// www.­ellsworthride.­com	
128	Emilio Bozzi	Frame manufacturer	10	http:// none	
512	Endurance Films	Manufacturer	10		
513	Enduro	Manufacturer	10		
514	Endurox	Manufacturer	10		
515	Energizer	Manufacturer	10		
1365	Engin Cycles	Frame manufacturer	10	http://www.engincycles.com/	
130	Enigma Titanium	Frame manufacturer	10	http://www.enigmabikes.com/	
517	Epic	Manufacturer	10		
519	Ergon	Manufacturer	10		
520	Esbit	Manufacturer	10		
1103	Europa	Frame manufacturer	10	http://www.europacycles.com.au/	
1281	Evelo	Frame manufacturer	10	http://www.evelo.com/	
522	Eveready	Manufacturer	10		
1048	Evil	Frame manufacturer	10	http://www.evil-bikes.com	https://files.bikeindex.org/uploads/Ma/1048/wwwevilbikescom.png
1389	Evo	Frame manufacturer	10	http://evobicycle.com/	
524	Excess Components	Manufacturer	10		
525	Exustar	Manufacturer	10		
529	FBM	Frame manufacturer	10	http://fbmbmx.com	https://files.bikeindex.org/uploads/Ma/529/fbmbmxcom.png
1269	FRAMED	Frame manufacturer	10	http://www.framedbikes.com/	
543	FSA (Full Speed Ahead)	Manufacturer	10		
1259	Faggin	Frame manufacturer	10	http://www.fagginbikes.com/en	
1009	Failure	Frame manufacturer	10	http://www.failurebikes.com/	
526	Fairdale	Frame manufacturer	10	http://fairdalebikes.com/	
1358	Falco Bikes	Frame manufacturer	10	http://www.falcobike.com/	
132	Falcon	Frame manufacturer	10	http://www.falconcycles.co.uk/CORP/aboutFalcon.html	
1256	Faraday	Frame manufacturer	10	http://www.faradaybikes.com/	
528	Fast Wax	Manufacturer	10		
134	Fat City Cycles	Frame manufacturer	10	http:// none	
1056	Fatback	Frame manufacturer	10	http://fatbackbikes.com/	
1217	Fausto Coppi	Frame manufacturer	10		
113	Federal	Frame manufacturer	10	http://www.federalbikes.com	https://files.bikeindex.org/uploads/Ma/113/wwwfederalbikescom.png
136	Felt	Frame manufacturer	500	http://www.feltbicycles.com/	
1168	Fetish	Frame manufacturer	10	https://www.facebook.com/FetishCycles	
1169	Fezzari	Frame manufacturer	10	http://www.fezzari.com/	
530	FiberFix	Manufacturer	10		
531	Fiction	Manufacturer	10		
140	Field	Frame manufacturer	10	http://www.fieldcycles.com/	
532	Finish Line	Manufacturer	10		
533	Finite	Manufacturer	10		
1376	Firefly Bicycles	Frame manufacturer	10	http://fireflybicycles.com/	
1153	Firefox	Frame manufacturer	10	http://www.firefoxbikes.com/	
1064	Firenze	Frame manufacturer	10		
1065	Firmstrong	Frame manufacturer	10	http://www.firmstrong.com/	
534	First Endurance	Manufacturer	10		
353	Fit bike Co.	Frame manufacturer	10		
535	Fizik	Manufacturer	10		
370	Fleet Velo	Frame manufacturer	10	http://fleetvelo.com/fv/	
138	Fleetwing	Frame manufacturer	10	http:// none	
536	Flybikes	Manufacturer	10		
141	Flying Pigeon	Frame manufacturer	10	http://flyingpigeon-la.com/	
142	Flying Scot	Frame manufacturer	10	http://www.flying-scot.com/core/welcome.html	
1378	Flyxii	Frame manufacturer	10	http://www.flyxii.com/	
966	Focale44	Frame manufacturer	10	http://www.focale44bikes.com/	
143	Focus	Frame manufacturer	10	http://www.focus-bikes.com/int/en/home.html	
537	Foggle	Manufacturer	10		
1049	Fokhan	Frame manufacturer	10		
158	Folmer & Schwing	Frame manufacturer	10		
1094	Fondriest	Frame manufacturer	10	http://www.fondriestbici.com	
1079	Forge Bikes	Frame manufacturer	10	http://forgebikes.com/	
538	Formula	Manufacturer	10		
1359	Fortified (lights)	Frame manufacturer	10	http://fortifiedbike.com/	
539	Foundry Cycles	Frame manufacturer	10	http://foundrycycles.com/	
540	Fox	Manufacturer	10		
146	Fram	Frame manufacturer	10	http://wsid9d3eg.homepage.t-online.de	
1345	Frances	Frame manufacturer	10	http://francescycles.com/	
1221	Francesco Moser (F. Moser)	Frame manufacturer	10	http://www.mosercycles.com/	
147	Freddie Grubb	Frame manufacturer	10		
1102	Free Agent	Frame manufacturer	10	http://www.freeagentbmx.com/	
1172	Free Spirit	Frame manufacturer	10		
541	Freedom	Manufacturer	10		
542	Freeload	Manufacturer	10		
544	FuelBelt	Manufacturer	10		
101	Fuji	Frame manufacturer	500	http://www.fujibikes.com/	
545	Fulcrum	Manufacturer	10		
546	Fyxation	Frame manufacturer	10	http://www.fyxation.com/	
547	G Sport	Manufacturer	10		
548	G-Form	Manufacturer	10		
1138	GMC	Frame manufacturer	10		
119	GT Bicycles	Frame manufacturer	500	http://www.gtbicycles.com/	
568	GU	Manufacturer	10		
549	Gamut	Manufacturer	10		
1014	Gardin	Frame manufacturer	10		
550	Garmin	Manufacturer	10		
149	Gary Fisher	Frame manufacturer	500	http://www.trekbikes.com/us/en/collections/gary_fisher/	
551	Gates Carbon Drive	Manufacturer	10		
552	Gateway	Manufacturer	10		
1171	Gavin	Frame manufacturer	10	http://www.gavinbikes.com/	
150	Gazelle	Frame manufacturer	10	http://www.gazelle.us.com/	
553	Gear Aid	Manufacturer	10		
554	Gear Clamp	Manufacturer	10		
555	Gear Up	Manufacturer	10		
556	Geax	Manufacturer	10		
151	Gendron Bicycles	Frame manufacturer	10	http://www.gendron-bicycles.ca/	
1137	Genesis	Frame manufacturer	10	http://www.genesisbikes.co.uk/	
557	Genuine Innovations	Manufacturer	10		
1303	Geotech	Frame manufacturer	10	http://www.geotechbikes.com	
152	Gepida	Frame manufacturer	10	http://www.gepida.eu/	
1245	Ghost	Frame manufacturer	10	http://www.ghost-bikes.com	
153	Giant	Frame manufacturer	500	http://www.giant-bicycles.com/	
558	Gibbon Slacklines	Manufacturer	10		
1185	Gilmour	Frame manufacturer	10	http://www.gilmourbicycles.us/	
1174	Giordano	Frame manufacturer	10	http://giordanobicycles.com/	
86	Gitane	Frame manufacturer	10	http://www.gitaneusa.com/	
559	Glacier Glove	Manufacturer	10		
154	Gladiator Cycle Company	Frame manufacturer	10	http://www.cyclesgladiator.com/	
943	Globe	Frame manufacturer	100	http://www.specialized.com/us/en/bikes/globe	
155	Gnome et Rhône	Frame manufacturer	10		
560	GoGirl	Manufacturer	10		
1288	Gomier	Frame manufacturer	10		
561	Gore	Manufacturer	10		
156	Gormully & Jeffery	Frame manufacturer	10		
562	Grab On	Manufacturer	10		
563	Grabber	Manufacturer	10		
564	Graber	Manufacturer	10		
157	Graflex	Frame manufacturer	10	http://graflex.org/	
565	Granite Gear	Manufacturer	10		
566	Gravity	Frame manufacturer	10	http://www.bikesdirect.com/	
567	Greenfield	Manufacturer	10		
1083	Greenspeed	Frame manufacturer	10	http://www.greenspeed.com.au/	
1266	Gudereit	Frame manufacturer	10	http://www.gudereit.de	
159	Guerciotti	Frame manufacturer	10	http://www.guerciotti.it/	
986	Gunnar	Frame manufacturer	10	http://gunnarbikes.com/site/	
1193	Guru	Frame manufacturer	10	http://www.gurucycles.com/en	
569	Guyot Designs	Manufacturer	10		
570	H Plus Son	Manufacturer	10		
1214	HBBC (Huntington Beach Bicycle, Co)	Frame manufacturer	10	http://hbbcinc.com/	
576	HED	Manufacturer	10		
1204	HP Velotechnik	Frame manufacturer	10	http://www.hpvelotechnik.com	
1279	Haibike (Currietech)	Frame manufacturer	10	http://www.currietech.com/	
1373	Hallstrom	Frame manufacturer	10	http://www.hallstrom.no/	
571	Halo	Manufacturer	10		
572	Hammer Nutrition	Manufacturer	10		
1371	Hampsten Cycles	Frame manufacturer	10	http://www.hampsten.com/	
934	Handsome Cycles	Frame manufacturer	10	http://www.handsomecycles.com	https://files.bikeindex.org/uploads/Ma/934/wwwhandsomecyclescom.png
573	Handspun	Manufacturer	10		
1238	Hanford	Frame manufacturer	10	https://www.facebook.com/pages/Hanford-Cycles/230458813647205	
105	Haro	Frame manufacturer	250	http://www.harobikes.com	
162	Harry Quinn	Frame manufacturer	10		
1097	Harvey Cycle Works	Frame manufacturer	10	http://harveykevin65.wix.com/harveycycleworks	
1181	Hasa	Frame manufacturer	10	http://www.hasa.com.tw/	
163	Hase bikes	Frame manufacturer	10	http://hasebikes.com/	
574	Hayes	Manufacturer	10		
164	Head	Frame manufacturer	10		
575	Headsweats	Manufacturer	10		
166	Heinkel	Frame manufacturer	10	http://www.heinkeltourist.com/	
165	Helkama	Frame manufacturer	10	http://www.helkamavelox.fi/en/	
11	Hercules Fahrrad GmbH & Co	Frame manufacturer	10		
995	Heritage	Frame manufacturer	100	http://www.heritagebicycles.com/	https://files.bikeindex.org/uploads/Ma/995/heritage-logo.png
1216	Herkelmann	Frame manufacturer	10	http://www.herkelmannbikes.com/	
169	Hero Cycles Ltd	Frame manufacturer	10	http://www.herocycles.com/	
1201	Heron	Frame manufacturer	10	http://www.heronbicycles.com/	
171	Hetchins	Frame manufacturer	10	http://www.hetchins.org/	
577	High Gear	Manufacturer	10		
578	Highland	Manufacturer	10		
1155	Hija de la Coneja	Frame manufacturer	10	https://www.facebook.com/hijadelaconeja	
172	Hillman	Frame manufacturer	10	http://hillmancycles.com.au	
1377	Hinton Cycles	Frame manufacturer	10	http://www.hintoncycles.com/	
1149	Hirschfeld	Frame manufacturer	10		
579	Hirzl	Manufacturer	10		
580	Hobson	Manufacturer	10		
951	Hoffman	Frame manufacturer	10	http://hoffmanbikes.com/	
174	Holdsworth	Frame manufacturer	10	http://www.holdsworthbikes.co.uk/	
581	Honey Stinger	Manufacturer	10		
582	Hope	Manufacturer	10		
583	House of Talents	Manufacturer	10		
584	Hozan	Manufacturer	10		
585	HubBub	Manufacturer	10		
586	Hudz	Manufacturer	10		
175	Huffy	Frame manufacturer	100	http://www.huffybikes.com	
1173	Hufnagel	Frame manufacturer	10	http://www.hufnagelcycles.com/	
587	Humangear	Manufacturer	10		
176	Humber	Frame manufacturer	10	http://en.wikipedia.org/wiki/Humber_(bicycle)	
954	Humble Frameworks	Frame manufacturer	10	http://www.humbleframeworks.cc	https://files.bikeindex.org/uploads/Ma/954/wwwhumbleframeworkscc.png
972	Hunter	Frame manufacturer	10	http://www.huntercycles.com/	
588	Hurricane Components	Manufacturer	10		
177	Hurtu	Frame manufacturer	10	http://en.wikipedia.org/wiki/Hurtu	
589	Hutchinson	Manufacturer	10		
590	Hyalite Equipment	Manufacturer	10		
591	Hydrapak	Manufacturer	10		
1136	Hyper	Frame manufacturer	10	http://www.hyperbicycles.com/	
592	IBEX	Frame manufacturer	10	http://ibexbikes.com/	
1109	ICE Trikes (Inspired Cycle Engineering )	Frame manufacturer	10	http://www.icetrikes.co/	
595	IMBA	Manufacturer	10		
938	IRO Cycles	Frame manufacturer	10	http://www.irocycle.com	
601	ISM	Manufacturer	10		
1278	IZIP (Currietech)	Frame manufacturer	10	http://www.currietech.com/	
179	Ibis	Frame manufacturer	10	http://www.ibiscycles.com/bikes/	
593	Ice Trekkers	Manufacturer	10		
594	IceToolz	Manufacturer	10		
180	Ideal Bikes	Frame manufacturer	10	http://www.idealbikes.net/	
1070	Identiti	Frame manufacturer	10	http://www.identitibikes.com/	
596	Incredibell	Manufacturer	10		
184	Independent Fabrication	Frame manufacturer	10	http://www.ifbikes.com/	
182	Industrieverband Fahrzeugbau	Frame manufacturer	10		
597	Industry Nine	Manufacturer	10		
598	Infini	Manufacturer	10		
1352	Inglis (Retrotec)	Frame manufacturer	10	http://ingliscycles.com/	
1184	Innerlight Cycles	Frame manufacturer	10	http://www.innerlightcycles.com/	
599	Innova	Manufacturer	10		
600	Intense	Frame manufacturer	10	http://intensecycles.com/	
185	Iride Bicycles	Frame manufacturer	10	http://www.irideusa.com/	
116	Iron Horse Bicycles	Frame manufacturer	100	http://www.ironhorsebikes.com/	
1063	Islabikes	Frame manufacturer	10	http://www.islabikes.com/	
602	Issimo Designs	Manufacturer	10		
186	Italvega	Frame manufacturer	10	http://en.wikipedia.org/wiki/Italvega	
187	Itera plastic bicycle	Frame manufacturer	10		
188	Iver Johnson	Frame manufacturer	10		
189	Iverson	Frame manufacturer	10		
190	JMC Bicycles	Frame manufacturer	10	http://www.jmccycles.com/	
608	JP Weigle's	Manufacturer	10		
603	Jagwire	Manufacturer	10		
201	Jamis	Frame manufacturer	500	http://www.jamisbikes.com/usa/index.html	
1123	Jan Jansen	Frame manufacturer	10	http://www.janjanssen.nl/index.php	
604	Jandd	Manufacturer	10		
1194	Javelin	Frame manufacturer	10	http://www.javbike.com/	
605	Jelly Belly	Manufacturer	10		
606	JetBoil	Manufacturer	10		
607	Jittery Joe's	Manufacturer	10		
1085	John Cherry bicycles	Frame manufacturer	10	http://www.sandsmachine.com/bp_chery.htm	
998	John Deere 	Frame manufacturer	10		
1222	Jorg & Olif	Frame manufacturer	10	http://jorgandolif.com	
1241	Juliana Bicycles	Frame manufacturer	10	http://www.julianabicycles.com/en/us	
609	K-Edge	Manufacturer	10		
192	K2	Frame manufacturer	100	http://www.k2bike.com/	
613	KBC	Manufacturer	10		
196	KHS Bicycles	Frame manufacturer	500	http://khsbicycles.com/	
621	KMC	Manufacturer	10		
626	KS	Manufacturer	10		
627	KT Tape	Manufacturer	10		
208	KTM	Frame manufacturer	10	http://www.ktm.com/us/ready-to-race.html	
1107	KW Bicycle	Frame manufacturer	10	http://www.kwcycles.com/	
977	Kalkhoff	Frame manufacturer	10	http://www.kalkhoff-bikes.com/	
610	Kalloy	Manufacturer	10		
611	Katadyn	Manufacturer	10		
612	Kazam	Manufacturer	10		
46	Keith Bontrager	Frame manufacturer	10	http://bontrager.com/history	
1116	Kellys Bicycles	Frame manufacturer	10	http://www.kellysbike.com/	
614	Kenda	Manufacturer	10		
193	Kent	Frame manufacturer	10	http://www.kentbicycles.com/	
194	Kestrel	Frame manufacturer	10	http://www.kestrelbicycles.com/	
195	Kettler	Frame manufacturer	10	http://www.kettler.co.uk/	
615	Kind Bar	Manufacturer	10		
616	Kinesis	Frame manufacturer	10	http://www.kinesisbikes.co.uk/	
198	Kinesis Industry	Frame manufacturer	10	http://www.kinesis.com.tw/	
617	Kinetic	Manufacturer	10		
618	Kinetic Koffee	Manufacturer	10		
358	Kink	Frame manufacturer	10	http://www.kinkbmx.com	https://files.bikeindex.org/uploads/Ma/358/wwwkinkbmxcom.png
1150	Kirk	Frame manufacturer	10	http://www.kirkframeworks.com/	
1029	Kish Fabrication	Frame manufacturer	10	http://www.kishbike.com/	
619	Kiss My Face	Manufacturer	10		
620	Klean Kanteen	Manufacturer	10		
325	Klein Bikes	Frame manufacturer	100		
622	Knog	Manufacturer	10		
1213	Knolly	Frame manufacturer	10	http://knollybikes.com/	
20	Koga-Miyata	Frame manufacturer	10	http://www.koga.com/koga_uk/	
205	Kogswell Cycles	Frame manufacturer	10		
203	Kona	Frame manufacturer	500	http://www.konaworld.com/	
623	Kool Kovers	Manufacturer	10		
624	Kool-Stop	Manufacturer	10		
625	Kreitler	Manufacturer	10		
1190	Kron	Frame manufacturer	10	http://kronbikes.com/	
206	Kronan	Frame manufacturer	10	http://www.kronan.com/en/cykel	
207	Kross SA	Frame manufacturer	10	http://www.kross.pl/	
106	Kryptonite	Manufacturer	10	http://www.kryptonitelock.com/Pages/Home.aspx	
628	Kuat	Manufacturer	10		
209	Kuota	Frame manufacturer	10	http://www.kuota.it/index.php	
1140	Kustom Kruiser	Frame manufacturer	10		
210	Kuwahara	Frame manufacturer	10	http://kuwahara-bike.com/	
1230	LDG (Livery Design Gruppe)	Frame manufacturer	10	http://liverydesigngruppe.com/	
1026	LOW//	Frame manufacturer	10	http://lowbicycles.com/	
1344	Land Shark	Frame manufacturer	10	http://landsharkbicycles.com/	
929	Lapierre	Frame manufacturer	10	http://www.lapierre-bikes.co.uk/	
212	Laurin & Klement	Frame manufacturer	10		
629	Lazer	Manufacturer	10		
213	LeMond Racing Cycles	Frame manufacturer	250	https://en.wikipedia.org/wiki/LeMond_Racing_Cycles	
933	Leader Bikes	Frame manufacturer	100	http://www.leaderbikeusa.com	
630	Leg Lube	Manufacturer	10		
952	Legacy Frameworks	Frame manufacturer	10	http://legacyframeworks.com/	
1372	Leopard	Frame manufacturer	10	http://www.leopardcycles.com/	
631	Lezyne	Manufacturer	10		
633	Light My Fire	Manufacturer	10		
632	Light and Motion	Manufacturer	10		
1035	Lightning Cycle Dynamics	Frame manufacturer	10	http://www.lightningbikes.com/	
1111	Lightspeed	Frame manufacturer	10	http://www.litespeed.com/	
950	Linus	Frame manufacturer	100	http://www.linusbike.com/	
1261	Liotto (Cicli Liotto Gino & Figli)	Frame manufacturer	10	http://www.liotto.com/	
215	Litespeed	Frame manufacturer	10	http://www.litespeed.com/	
1240	Liteville	Frame manufacturer	10	http://www.liteville.de/	
634	Lizard Skins	Manufacturer	10		
635	Loctite	Manufacturer	10		
19	Loekie	Frame manufacturer	10	http://www.loekie.nl/	
636	Lonely Planet	Manufacturer	10		
369	Look	Frame manufacturer	10	http:// www.lookcycles.com	
217	Lotus	Frame manufacturer	10		
637	Louis Garneau	Frame manufacturer	10	http://www.louisgarneau.com	
216	Louison Bobet	Frame manufacturer	10		
94	Lycoming Engines	Frame manufacturer	10	http://www.lycoming.textron.com/	
1088	Lynskey	Frame manufacturer	10	http://www.lynskeyperformance.com/	
638	M Essentials	Manufacturer	10		
1301	MBK	Frame manufacturer	10	http://mbk-cykler.dk/	
1157	MEC (Mountain Equipment Co-op)	Frame manufacturer	10	http://www.mec.ca/	
655	MKS	Manufacturer	10		
1264	MMR	Frame manufacturer	10	http://www.mmrbikes.com/	
661	MRP	Manufacturer	10		
662	MSR	Manufacturer	10		
663	MTI Adventurewear	Manufacturer	10		
1117	Madsen	Frame manufacturer	10	http://www.madsencycles.com/	
1151	Madwagon	Frame manufacturer	10		
639	Magellan	Manufacturer	10		
122	Magna	Frame manufacturer	10	http://www.magnabike.com/	
218	Malvern Star	Frame manufacturer	10	http://www.malvernstar.com.au/	
1092	ManKind	Frame manufacturer	10	http://mankindbmx.com/	
1195	Mango	Frame manufacturer	10	http://www.mangobikes.co.uk/	
969	Manhattan	Frame manufacturer	10	http://www.manhattancruisers.com/	
640	Manitou	Manufacturer	10		
1290	Map Bicycles	Frame manufacturer	10	http://www.mapbicycles.com/	
993	Maraton	Frame manufacturer	10	http://www.bikemaraton.com/	
219	Marin Bikes	Frame manufacturer	500	http://www.marinbikes.com/2013/	
1158	Marinoni	Frame manufacturer	10	http://www.marinoni.qc.ca/indexEN.html	
641	Marson	Manufacturer	10		
1036	Maruishi	Frame manufacturer	10	http://en.maruishi-bike.com.cn/	
1175	Marukin	Frame manufacturer	10	http://www.marukin-bicycles.com/	
642	Marzocchi	Manufacturer	10		
104	Masi	Frame manufacturer	100	http://www.masibikes.com	
108	Master Lock	Manufacturer	10	http://www.masterlockbike.com	
220	Matchless	Frame manufacturer	10		
221	Matra	Frame manufacturer	10	http://matra.com/pre-home/?___SID=U	
1159	Maverick	Frame manufacturer	10	http://www.maverickbike.com/	
643	Mavic	Manufacturer	10		
644	Maxit	Manufacturer	10		
645	Maxxis	Manufacturer	10		
646	Mechanical Threads	Manufacturer	10		
647	Meiser	Manufacturer	10		
222	Melon Bicycles	Frame manufacturer	10	http://www.melonbicycles.com/	
223	Mercian Cycles	Frame manufacturer	10	http://www.merciancycles.co.uk/	
931	Mercier	Frame manufacturer	100	http://www.cyclesmercier.com	
65	Merida Bikes	Frame manufacturer	10	http://www.merida.com	
224	Merlin	Frame manufacturer	10	http://www.merlinbike.com/	
648	Merrell	Manufacturer	10		
988	MetaBikes	Frame manufacturer	10	http://meta-bikes.com/	
649	Metric Hardware	Manufacturer	10		
1364	Metrofiets	Frame manufacturer	10	https://metrofiets.com	https://files.bikeindex.org/uploads/Ma/1364/metrofietscom.png
167	Micajah C. Henley	Frame manufacturer	10		
1165	Micargi	Frame manufacturer	10	http://micargibicycles.com/	
650	Miche	Manufacturer	10		
651	Michelin	Manufacturer	10		
652	MicroShift	Manufacturer	10		
226	Miele bicycles	Frame manufacturer	10	http://www.mielebicycles.com/home.html	
1187	Mikkelsen	Frame manufacturer	10	http://www.mikkelsenframes.com/	
227	Milwaukee Bicycle Co.	Frame manufacturer	10	http://www.benscycle.net/	
653	Minoura	Manufacturer	10		
1012	MirraCo 	Frame manufacturer	10	http://mirrabikeco.com/	
654	Mirrycle	Manufacturer	10		
990	Mission Bicycles	Frame manufacturer	100	https://www.missionbicycle.com/	
229	Miyata	Frame manufacturer	100	http://www.miyatabicycles.com/	
1166	Mizutani	Frame manufacturer	10		
1387	Momentum	Frame manufacturer	10	http://www.pedalmomentum.com/	
87	Monark	Frame manufacturer	10	http://www.monarkexercise.se/	
230	Mondia	Frame manufacturer	10	http://en.wikipedia.org/wiki/Mondia	
1263	Mondraker	Frame manufacturer	10	http://www.mondraker.com/	
118	Mongoose	Frame manufacturer	250	http://www.mongoose.com/	
656	Montague	Frame manufacturer	10	http://www.montaguebikes.com/	
232	Moots Cycles	Frame manufacturer	100	http://moots.com/	
658	Mophie	Manufacturer	10		
1351	Mosaic	Frame manufacturer	10	http://mosaiccycles.com/	
233	Moser Cicli	Frame manufacturer	10	http://www.ciclimoser.com/	
1284	Mosh	Frame manufacturer	10		
1302	Mosso	Frame manufacturer	10	http://www.mosso.com.tw/	
1349	Moth Attack	Frame manufacturer	10	http://mothattack.com/	
984	Motiv	Frame manufacturer	10	http://www.motivelectricbikes.com	
234	Motobecane	Frame manufacturer	250	http://www.motobecane.com/	
1050	Moulden	Frame manufacturer	10		
235	Moulton Bicycle	Frame manufacturer	10	http://www.moultonbicycles.co.uk/	
1283	Mountain Cycles	Frame manufacturer	10		
659	Mountainsmith	Manufacturer	10		
660	Mr. Tuffy	Manufacturer	10		
237	Muddy Fox	Frame manufacturer	10	http://www.muddyfoxusa.com/	
236	Murray	Frame manufacturer	10		
664	Mutant Bikes	Manufacturer	10		
1067	Mutiny	Frame manufacturer	10	http://www.mutinybikes.com/	
1361	Müsing (Musing)	Frame manufacturer	10	http://www.muesing-bikes.de/	
665	N Gear	Manufacturer	10		
671	NEMO	Manufacturer	10		
1011	NS Bikes	Frame manufacturer	10	http://www.ns-bikes.com/	
1285	Nakamura	Frame manufacturer	10	http://www.nakamura.no/	
1250	Naked	Frame manufacturer	10	http://timetogetnaked.com/	
666	Nalgene	Manufacturer	10		
667	Nantucket Bike Basket Company	Manufacturer	10		
957	Nashbar	Frame manufacturer	10	http://Nashbar.com	https://files.bikeindex.org/uploads/Ma/957/Nashbarcom.png
668	Nathan	Manufacturer	10		
238	National	Frame manufacturer	10	http://nationalmoto.com/	
669	Native	Manufacturer	10		
240	Neil Pryde	Frame manufacturer	10	http://www.neilprydebikes.com/	
670	Nema	Manufacturer	10		
241	Neobike	Frame manufacturer	10	http://www.allproducts.com/bike/neobike/	
1071	New Albion	Frame manufacturer	10	http://newalbioncycles.com/	
672	New Balance	Manufacturer	10		
123	Next	Frame manufacturer	10	http://next-bike.com/	
1022	Niner	Frame manufacturer	100	http://www.ninerbikes.com/	
1176	Nirve	Frame manufacturer	10	http://www.nirve.com/	
243	Nishiki	Frame manufacturer	100	http://nishiki.com/	
673	Nite Ize	Manufacturer	10		
674	NiteRider	Manufacturer	10		
675	Nitto	Manufacturer	10		
676	Nokon	Manufacturer	10		
244	Norco Bikes	Frame manufacturer	100	http://www.norco.com/	
245	Norman Cycles	Frame manufacturer	10	http://www.normanmotorcycles.org.uk/	
677	North Shore Billet	Manufacturer	10		
1021	Northrock	Frame manufacturer	10	http://www.northrockbikes.com/	
246	Novara	Frame manufacturer	500		
679	NuVinci	Manufacturer	10		
1282	Nukeproof	Frame manufacturer	10	http://nukeproof.com/	
248	Nymanbolagen	Frame manufacturer	10		
680	O-Stand	Manufacturer	10		
681	O2	Manufacturer	10		
682	ODI	Manufacturer	10		
1262	OHM	Frame manufacturer	10	http://ohmcycles.com/	
683	Odyssey	Manufacturer	10		
684	Ohio Travel Bag	Manufacturer	10		
1211	Olmo	Frame manufacturer	10	http://www.olmobikes.com/	
1384	Omnium	Frame manufacturer	10	http://omniumcargo.dk/	
1226	On-One (On One)	Frame manufacturer	10	http://www.on-one.co.uk/	
686	OnGuard	Manufacturer	10		
685	One Way	Manufacturer	10		
249	Opel	Frame manufacturer	10	http://opelbikes.com/	
687	Optic Nerve	Manufacturer	10		
688	Optimus	Manufacturer	10		
1074	Opus	Frame manufacturer	10	http://opusbike.com/en/	
250	Orange	Frame manufacturer	10	http://www.orangebikes.co.uk/	
689	Orange Seal	Manufacturer	10		
251	Orbea	Frame manufacturer	10	http://www.orbea.com/us-en/	
980	Orbit	Frame manufacturer	10	http://www.orbit-cycles.co.uk/	
252	Orient Bikes	Frame manufacturer	10	http://www.orient-bikes.gr/en	
948	Origin8 (Origin-8)	Frame manufacturer	10	http://www.origin-8.com/	
690	Ortlieb	Manufacturer	10		
100	Other	Frame manufacturer	500		
1347	Otis Guy	Frame manufacturer	10	http://www.otisguycycles.com/	
691	Oury	Manufacturer	10		
692	OutGo	Manufacturer	10		
693	Owl 360	Manufacturer	10		
1033	Oyama	Frame manufacturer	10	http://www.oyama.eu/	
694	Ozone	Manufacturer	10		
702	PDW	Manufacturer	10		
715	POC	Manufacturer	10		
974	PUBLIC bikes	Frame manufacturer	100	http://publicbikes.com/	
695	Pace Sportswear	Manufacturer	10		
696	Paceline Products	Manufacturer	10		
115	Pacific Cycle	Frame manufacturer	10	http://www.pacific-cycles.com/	
697	PackTowl	Manufacturer	10		
365	Pake	Frame manufacturer	10	http://www.pakebikes.com	
698	Panaracer	Manufacturer	10		
239	Panasonic	Frame manufacturer	10		
1147	Paper Bicycle	Frame manufacturer	10	http://www.paper-bicycle.com/	
699	Park	Manufacturer	10		
1023	Parkpre	Frame manufacturer	10	http://www.parkpre.com/	
700	Parlee	Frame manufacturer	10	http://www.parleecycles.com	https://files.bikeindex.org/uploads/Ma/700/wwwparleecyclescom.png
256	Pashley Cycles	Frame manufacturer	10	http://www.pashley.co.uk/	
257	Patria	Frame manufacturer	10	http://www.patria.net/en/bicycles/	
701	Paul	Manufacturer	10	http://www.paulcomp.com/	
703	Pearl Izumi	Manufacturer	10		
704	Pedco	Manufacturer	10		
1114	Pedego	Frame manufacturer	10	http://www.pedegoelectricbikes.com/	
258	Pedersen bicycle	Frame manufacturer	10	http://www.pedersenbicycles.com/	
705	Pedro's	Manufacturer	10		
1142	Pegoretti	Frame manufacturer	10	http://www.gitabike.com/cgi-bin/shop/pegoretti_loadhome.cgi?file=pegoretti.html	
706	Penguin Brands	Manufacturer	10		
1189	Pereira	Frame manufacturer	10	http://www.pereiracycles.com/	
1061	Performance	Frame manufacturer	10	http://www.performancebike.com/bikes	
102	Peugeot	Frame manufacturer	250	http://www.peugeot.com/en/products-services/cycles	
1062	Phat Cycles	Frame manufacturer	10	http://www.phatcycles.com/	
707	Phil Wood	Manufacturer	10		
708	Philips	Manufacturer	10		
260	Phillips Cycles	Frame manufacturer	10	http://www.phillipscycles.co.uk/	
261	Phoenix	Frame manufacturer	10	http://www.cccme.org.cn/	
709	Phorm	Manufacturer	10		
262	Pierce-Arrow	Frame manufacturer	10	http://www.pierce-arrow.org	
1202	Pilen	Frame manufacturer	10	http://www.pilencykel.se/site/en/home	
263	Pinarello	Frame manufacturer	10	http://www.racycles.com/	
710	Pinhead	Manufacturer	10	http://www.pinheadcomponents.com/	
992	Pitlock	Manufacturer	10	http://www.pitlock.com/	
1105	Pivot	Frame manufacturer	10	http://www.pivotcycles.com/	
711	Planet Bike	Manufacturer	10		
264	Planet X	Frame manufacturer	10	http://www.planet-x-bikes.co.uk/	
712	Platypus	Manufacturer	10		
713	Pletscher	Manufacturer	10		
714	Po Campo	Manufacturer	10		
265	Pocket Bicycles	Frame manufacturer	10		
266	Pogliaghi	Frame manufacturer	10	http://en.wikipedia.org/wiki/Pogliaghi	
716	Polar	Manufacturer	10		
717	Polar Bottles	Manufacturer	10		
1104	Polygon	Frame manufacturer	10	http://www.polygonbikes.com/	
267	Pope Manufacturing Company	Frame manufacturer	10		
718	Power Grips	Manufacturer	10		
719	PowerBar	Manufacturer	10		
720	PowerTap	Manufacturer	10		
1141	Premium	Frame manufacturer	10	http://www.premiumbmx.com/	
1375	Price	Frame manufacturer	10	http://www.price-bikes.ch/	
721	Primal Wear	Manufacturer	10		
722	Primo	Manufacturer	10		
1340	Primus Mootry (PM Cycle Fabrication)	Frame manufacturer	10	http://www.primusmootry.com/	
723	Princeton Tec	Manufacturer	10		
975	Principia	Frame manufacturer	10	http://www.principia.dk/gb/	
1390	Priority Bicycles	Frame manufacturer	10	http://www.prioritybicycles.com/	
211	Private label	Frame manufacturer	10	http://www.fujibikes.com/	
724	Pro-tec	Manufacturer	10		
725	ProBar	Manufacturer	10		
729	ProGold	Manufacturer	10		
726	Problem Solvers	Manufacturer	10		
269	Procycle Group	Frame manufacturer	10	http://www.procycle.com/en/default.asp	
1160	Prodeco	Frame manufacturer	10	http://prodecotech.com/	
727	Profile Design	Manufacturer	10		
728	Profile Racing	Manufacturer	10		
730	Prologo	Manufacturer	10		
731	Promax	Manufacturer	10		
272	Prophete	Frame manufacturer	10	http://www.prophete.de/	
88	Puch	Frame manufacturer	10	http://www.puch.at/	
1394	Pure City	Frame manufacturer	250	http://purecitycycles.com/	
947	Pure Fix	Frame manufacturer	10	http://purefixcycles.com/	
1045	Python	Frame manufacturer	10	http://www.pythonbikes.com/	
1298	Python Pro	Frame manufacturer	10	http://pythonpro.dk/	
732	Q-Outdoor	Manufacturer	10		
733	Q-Tubes	Manufacturer	10		
734	QBP	Manufacturer	10		
273	Quadrant Cycle Company	Frame manufacturer	10		
736	Quest	Manufacturer	10		
737	Quik Stik	Manufacturer	10		
275	Quintana Roo	Frame manufacturer	10	http://www.quintanarootri.com/	
738	R12	Manufacturer	10		
1001	RIH	Frame manufacturer	10	http://www.rih.nl	
760	RPM	Manufacturer	10		
945	RRB (Rat Rod Bikes)	Frame manufacturer	10	https://www.facebook.com/ratrodbikescom	
761	RST	Manufacturer	10		
1296	Rabeneick	Frame manufacturer	10	http://www.rabeneick.de/bikes/	
739	RaceFace	Manufacturer	10		
740	Racktime	Manufacturer	10		
1388	Radio Bike Co	Frame manufacturer	10	http://www.radiobikes.com/	
276	Radio Flyer	Frame manufacturer	10	http://www.radioflyer.com/trikes.html	
277	Raleigh	Frame manufacturer	500	http://www.raleighusa.com/	
997	Ram	Frame manufacturer	10	http://www.ram-bikes.com/eng/	
278	Rambler	Frame manufacturer	10	http://en.wikipedia.org/wiki/Rambler_(bicycle)	
279	Rans Designs	Frame manufacturer	10	http://www.rans.com/	
1078	Rawland Cycles	Frame manufacturer	10	https://www.rawlandcycles.com/	
280	Razor	Frame manufacturer	10	http://www.razor.com/	
745	ReTale	Manufacturer	10		
955	Redline	Frame manufacturer	250	http://www.redlinebicycles.com	https://files.bikeindex.org/uploads/Ma/955/wwwredlinebicyclescom.png
1041	Redlof	Frame manufacturer	10		
741	Reflect Sports	Manufacturer	10		
1076	Regina	Frame manufacturer	10	http://www.reginabikes.it/	
742	Rema	Manufacturer	10		
743	Renthal	Manufacturer	10		
170	René Herse	Frame manufacturer	10	http://www.renehersebicycles.com/	
971	Republic	Frame manufacturer	10	http://www.republicbike.com/	
254	Republic of China	Frame manufacturer	10		
744	Resist	Manufacturer	10		
1180	Retrospec	Frame manufacturer	10	http://www.retrospecbicycles.com/	
746	Revelate Designs	Manufacturer	10		
1227	Revolights	Manufacturer	10	http://revolights.com/	
747	Rhythm	Manufacturer	10		
1046	Ribble	Frame manufacturer	10	http://www.ribblecycles.co.uk/	
748	Ride2	Manufacturer	10		
281	Ridgeback	Frame manufacturer	10	http://www.ridgeback.co.uk/	
749	Ridley	Frame manufacturer	10	http://www.ridley-bikes.com/be/nl/intro	
283	Riese und Müller	Frame manufacturer	10	http://www.en.r-m.de/	
750	Ritchey	Frame manufacturer	10	http://ritcheylogic.com/	
1051	Ritte	Frame manufacturer	10	http://rittecycles.com/	
285	Rivendell Bicycle Works	Frame manufacturer	10	http://www.rivbike.com/	
30	Roadmaster	Frame manufacturer	10		
286	Roberts Cycles	Frame manufacturer	10	http://www.robertscycles.com/	
287	Robin Hood	Frame manufacturer	10	http://www.robinhoodcycles.com/	
1135	Rock Lobster	Frame manufacturer	10	http://www.rocklobstercycles.com/	
751	Rock-N-Roll	Manufacturer	10		
752	RockShox	Manufacturer	10		
270	Rocky Mountain Bicycles	Frame manufacturer	100		
753	Rocky Mounts	Manufacturer	10		
1124	Rodriguez	Frame manufacturer	10	http://www.rodbikes.com/	
754	Rohloff	Manufacturer	10		
755	Rokform	Manufacturer	10		
756	Rola	Manufacturer	10		
288	Ross	Frame manufacturer	10	http://www.randyrrross.com/	
757	Rossignol	Manufacturer	10		
1069	Rossin	Frame manufacturer	10	http://rossinbikes.it/	
289	Rover Company	Frame manufacturer	10	http://www.randyrrross.com/	
290	Rowbike	Frame manufacturer	10	http://www.rowbike.com/	
758	Rox	Manufacturer	10		
759	Royal	Manufacturer	10		
1000	Royce Union 	Frame manufacturer	10	http://royceunionbikes.com/	
291	Rudge-Whitworth	Frame manufacturer	10		
361	S and M (S&M)	Frame manufacturer	10	http://www.sandmbikes.com	https://files.bikeindex.org/uploads/Ma/361/wwwsandmbikescom.png
762	S and S	Manufacturer	10		
296	SCOTT	Frame manufacturer	500	http://www.scott-sports.com/global/en/	
770	SDG	Manufacturer	10		
363	SE Bikes (SE Racing)	Frame manufacturer	250	http://www.sebikes.com	https://files.bikeindex.org/uploads/Ma/363/wwwsebikescom.png
788	SKS	Manufacturer	10		
790	SLS3	Manufacturer	10		
806	SR Suntour	Manufacturer	10		
807	SRAM	Manufacturer	10	http://www.sram.com	https://files.bikeindex.org/uploads/Ma/807/wwwsramcom.png
808	SST	Manufacturer	10		
811	START	Manufacturer	10		
831	SWEAT GUTR	Manufacturer	10		
763	Salomon	Manufacturer	10		
764	Salsa	Frame manufacturer	250	http://salsacycles.com/	
766	SaltStick	Manufacturer	10		
292	Samchuly	Frame manufacturer	10	http://www.samchuly.co.kr/main/main.html	
1186	Sancineto	Frame manufacturer	10		
1038	Sanderson	Frame manufacturer	10	http://sanderson-cycles.com	
965	Santa Cruz	Frame manufacturer	100	http://www.santacruzbicycles.com/en	
293	Santana Cycles	Frame manufacturer	10	http://www.santanatandem.com/	
294	Saracen Cycles	Frame manufacturer	10	http://www.saracen.co.uk/	
767	Saris	Manufacturer	10		
295	Scania AB	Frame manufacturer	10	http://scania.com/	
942	Scattante	Frame manufacturer	100	http://www.performancebike.com/webapp/wcs/stores/servlet/SubCategory_10052_10551_400759_-1_400345_400345	
1228	Schindelhauer	Frame manufacturer	10	http://www.schindelhauerbikes.com/	
768	Schwalbe	Manufacturer	10		
117	Schwinn	Frame manufacturer	500	http://www.schwinnbikes.com/	
769	Scotty	Manufacturer	10		
771	Seal Line	Manufacturer	10		
1027	Sears Roebuck	Frame manufacturer	10		
1020	Season	Frame manufacturer	10	http://seasonbikesbmx.com/	
772	Seattle Sports Company	Manufacturer	10		
1143	Sekai	Frame manufacturer	10		
1058	Sekine	Frame manufacturer	10		
1289	Selle Anatomica	Manufacturer	10	http://selleanatomica.com	https://files.bikeindex.org/uploads/Ma/1289/selleanatomicacom.png
773	Selle Italia	Manufacturer	10		
774	Selle Royal	Manufacturer	10		
775	Selle San Marco	Manufacturer	10		
297	Serotta	Frame manufacturer	10	http://serotta.com/	
1297	Sette	Frame manufacturer	10	http://www.settebikes.com/	
298	Seven Cycles	Frame manufacturer	10	http://www.sevencycles.com/	
845	Shadow Conspiracy	Frame manufacturer	10	http://www.theshadowconspiracy.com/	
299	Shelby Cycle Company	Frame manufacturer	10		
776	Sherpani	Manufacturer	10		
366	Shimano	Manufacturer	10	http://bike.shimano.com	https://files.bikeindex.org/uploads/Ma/366/bikeshimanocom.png
1096	Shinola	Frame manufacturer	10	http://www.shinola.com/	
962	Shogun	Frame manufacturer	10		
1010	Shredder	Frame manufacturer	10	http://lilshredder.com/	
777	Sidi	Manufacturer	10		
778	Sierra Designs	Manufacturer	10		
779	Sigma	Manufacturer	10		
780	Silca	Manufacturer	10		
1392	Simcoe	Frame manufacturer	10	http://simcoebicycles.com/	
781	Simple Green	Manufacturer	10		
1270	Simplon	Frame manufacturer	10	http://www.simplon.com	https://files.bikeindex.org/uploads/Ma/1270/wwwsimploncom.png
300	Simson	Frame manufacturer	10		
301	Sinclair Research	Frame manufacturer	10	http://www.sinclairzx.com/	
782	Singletrack Solutions	Manufacturer	10		
783	Sinz	Manufacturer	10		
1353	Six-Eleven	Frame manufacturer	10	http://sixelevenbicycleco.com/	
784	SixSixOne	Manufacturer	10		
785	Skadi	Manufacturer	10		
786	Skinz	Manufacturer	10		
787	Skratch Labs	Manufacturer	10		
999	Skyway 	Frame manufacturer	10		
789	Slime	Manufacturer	10		
791	Smartwool	Manufacturer	10		
792	SockGuy	Manufacturer	10		
303	Sohrab Cycles	Frame manufacturer	10	http://www.sohrab-cycles.com/index.php	
305	Solex	Frame manufacturer	10	http://www.solexworld.com/en/	
794	Solio	Manufacturer	10		
304	Solé (Sole bicycles)	Frame manufacturer	10	http://www.solebicycles.com/	
368	Soma	Frame manufacturer	100	http:// www.somafab.com	
306	Somec	Frame manufacturer	10	http://www.somec.com/	
1197	Sonoma	Frame manufacturer	10	http://sonomabike.com/	
1267	Soulcraft	Frame manufacturer	10	http://www.soulcraftbikes.com	
795	Source	Manufacturer	10		
364	Spalding Bicycles	Frame manufacturer	10		
21	Sparta B.V.	Frame manufacturer	10		
307	Specialized	Frame manufacturer	500	http://www.specialized.com/us/en/home/	
1276	Spectrum	Frame manufacturer	10	http://www.spectrum-cycles.com/	
797	Speedfil	Manufacturer	10		
308	Speedwell bicycles	Frame manufacturer	10		
798	Spenco	Manufacturer	10		
1207	Spicer	Frame manufacturer	10	http://www.spicercycles.com/	
799	SpiderTech	Manufacturer	10		
1030	Spike	Manufacturer	10	http://spikeparts.com/	
800	Spinskins	Manufacturer	10		
953	Spooky	Frame manufacturer	10	http://www.spookybikes.com	
803	SportRack	Manufacturer	10		
801	Sportlegs	Manufacturer	10		
802	Sportourer	Manufacturer	10		
1053	Spot	Frame manufacturer	10	http://spotbrand.com/	
804	Sprintech	Manufacturer	10		
805	Squeal Out	Manufacturer	10		
110	Squire	Manufacturer	10	http://www.squirelocks.co.uk/security_advice/secure_your_bicycle.html	
1018	St. Tropez	Frame manufacturer	10		
1360	Stages cycling (Power meters)	Frame manufacturer	10	http://www.stagescycling.com/stagespower	
12	Staiger	Frame manufacturer	10	http://www.staiger-fahrrad.de/	
809	Stan's No Tubes	Manufacturer	10		
1144	Standard Byke	Frame manufacturer	10	http://www.standardbyke.com/	
810	Stanley	Manufacturer	10		
1154	Stanridge Speed	Frame manufacturer	10	http://www.stanridgespeed.com/	
961	State Bicycle Co.	Frame manufacturer	10	http://www.statebicycle.com/	
812	Steadyrack	Manufacturer	10		
1357	Steelman Cycles	Frame manufacturer	10	http://www.steelmancycles.com/	
813	Stein	Manufacturer	10		
979	Stein Trikes	Frame manufacturer	10	http://www.steintrikes.com/index.php	
311	Stelber Cycle Corp	Frame manufacturer	10		
312	Stella	Frame manufacturer	10		
814	Stem CAPtain	Manufacturer	10		
313	Sterling Bicycle Co.	Frame manufacturer	10		
983	Steve Potts	Frame manufacturer	10	http://www.stevepottsbicycles.com	
1108	Stevens	Frame manufacturer	10	http://www.stevensbikes.de/2014/index.php	
1229	Stevenson Custom Bicycles	Frame manufacturer	10	http://stevensoncustombikes.com/	
960	Stoemper	Frame manufacturer	10	http://stoemper.com/	
352	Stolen Bicycle Co.	Frame manufacturer	10		
817	Stop Flats 2	Manufacturer	10		
939	Strada Customs	Frame manufacturer	10	http://www.stradacustoms.com	
1210	Stradalli Cycles	Frame manufacturer	10	http://www.carbonroadbikebicyclecycling.com/	
818	Straitline	Manufacturer	10		
1382	Strawberry Bicycle	Frame manufacturer	10	http://www.strawberrybicycle.com/	
314	Strida	Frame manufacturer	10		
819	Strider	Frame manufacturer	10	http://www.striderbikes.com/	
1243	Stromer	Frame manufacturer	10	http://www.stromerbike.com/en/us	
1177	Strong Frames	Frame manufacturer	10	http://www.strongframes.com/	
820	Sturmey-Archer	Manufacturer	10		
1072	Stålhästen	Frame manufacturer	10	http://www.stalhasten.eu/st%C3%A5lh%C3%A4sten	
821	Subrosa	Frame manufacturer	10	http://subrosabrand.com/	
822	Suelo	Manufacturer	10		
823	Sugino	Manufacturer	10		
315	Sun	Frame manufacturer	10		
824	Sun Ringle	Manufacturer	10		
825	SunRace	Frame manufacturer	10	http://www.sunrace.com/	
355	Sunday	Frame manufacturer	10	http://www.sundaybikes.com	https://files.bikeindex.org/uploads/Ma/355/wwwsundaybikescom.png
1086	Sunn	Frame manufacturer	10	https://www.facebook.com/sunn.bicycle	
826	Suomi	Manufacturer	10		
827	Superfeet	Manufacturer	10		
828	Supernova	Manufacturer	10		
112	Surly	Frame manufacturer	500	http://surlybikes.com	https://files.bikeindex.org/uploads/Ma/112/surlybikescom.png
1191	Surrey	Frame manufacturer	10	http://www.internationalsurreyco.com	
829	Sutherlands	Manufacturer	10		
830	Suunto	Manufacturer	10		
318	Suzuki	Frame manufacturer	10		
1252	Sweatpea Bicycles	Frame manufacturer	10	http://www.sweetpeabicycles.com/	
1275	Swingset	Frame manufacturer	10	http://www.swingsetbicycles.com/	
832	Swix	Manufacturer	10		
963	Swobo	Frame manufacturer	10	http://shop.swobo.com/	
1234	SyCip	Frame manufacturer	10	http://sycip.com/	
833	Syntace	Manufacturer	10		
834	T Mat Pro	Manufacturer	10		
1232	TET Cycles (Tom Teesdale Bikes)	Frame manufacturer	10	http://tetcycles.com/	
842	TH Industries	Manufacturer	10		
323	TI Cycles of India	Frame manufacturer	10		
864	TRP	Manufacturer	10		
870	TYR	Manufacturer	10		
835	Tacx	Manufacturer	10	https://www.tacx.com/	
949	Takara	Frame manufacturer	10	http://takarabikes.com/	
1037	Talisman	Frame manufacturer	10		
1370	Tallac	Manufacturer	10	http://tallachouse.com/	
836	Tamer	Manufacturer	10		
837	Tange-Seiki	Manufacturer	10		
838	Tangent Products	Manufacturer	10		
1209	Tati Cycles	Frame manufacturer	10	http://taticycles.com/	https://files.bikeindex.org/uploads/Ma/1209/tati.jpg
1294	Taylor Bicycles (Paul Taylor)	Frame manufacturer	10	http://taylorbicycles.blogspot.com/	
839	Tec Labs	Manufacturer	10		
840	Tektro	Manufacturer	10		
976	Tern	Frame manufacturer	10	http://www.ternbicycles.com/us/	
1306	Terra Trike	Frame manufacturer	10	http://www.terratrike.com/	
1299	Terrible One	Frame manufacturer	10	http://www.terribleone.com	
319	Terrot	Frame manufacturer	10		
841	Terry	Frame manufacturer	10	http://www.terrybicycles.com/	
37	The Arthur Pequegnat Clock Company	Frame manufacturer	10		
1080	The Bicycle Forge	Frame manufacturer	10	http://www.bicycleforge.com/	
844	The Hive	Manufacturer	10		
846	Thinksport	Manufacturer	10		
847	Thomson	Manufacturer	10		
321	Thorn Cycles	Frame manufacturer	10		
1386	Throne Cycles	Frame manufacturer	10	http://thronecycles.com/	
1161	Thruster	Frame manufacturer	10	http://walmart.com	https://files.bikeindex.org/uploads/Ma/1161/walmartcom.png
848	Thule	Frame manufacturer	10	http://www.thule.com	
985	Ti Cycles	Frame manufacturer	10	http://ticycles.com/	
111	Tigr	Manufacturer	10	http://tigrlock.com	https://files.bikeindex.org/uploads/Ma/111/tigrlockcom.png
849	Timbuk2	Manufacturer	10		
850	Time	Frame manufacturer	10	http://www.time-sport.com/	
851	Timex	Manufacturer	10		
852	Tioga	Manufacturer	10		
991	Titan	Frame manufacturer	10	http://www.titanracingbikes.com/	
1043	Titus	Frame manufacturer	10	http://www.titusti.com	https://files.bikeindex.org/uploads/Ma/1043/wwwtitusticom.png
853	Toko	Manufacturer	10		
1380	Tomac	Frame manufacturer	10	http://www.tomac.com.au/	
1162	Tommasini	Frame manufacturer	10	http://tommasinibicycle.com/	
970	Tommaso	Frame manufacturer	10	http://tommasobikes.com/	
1164	Tony Hawk	Frame manufacturer	10	http://www.toysrus.com/	
854	Topeak	Manufacturer	10		
855	TorHans	Manufacturer	10		
1145	Torelli	Frame manufacturer	10	http://www.torelli.com/	
324	Torker	Frame manufacturer	250		
1163	Tour de France	Frame manufacturer	10	http://cyclefg.com/	
1342	Toyo	Frame manufacturer	10	http://toyoframe.com/	
1271	Traitor	Frame manufacturer	10	http://www.traitorcycles.com	
1273	Transit	Manufacturer	10	http://www.performancebike.com/bikes/CategoryDisplay?catalogId=10551&storeId=10052&categoryId=400763&langId=-1&parent_category_rn=400345&top_category=400345&pageView=	
1019	Transition Bikes	Frame manufacturer	10	http://www.transitionbikes.com/	
856	Tranz-X	Manufacturer	10		
857	Tree	Manufacturer	10		
47	Trek	Frame manufacturer	500	http://www.trekbikes.com/us/en/	
858	Tressostar	Manufacturer	10		
859	TriFlow	Manufacturer	10		
862	TriSlide	Manufacturer	10		
863	TriSwim	Manufacturer	10		
1393	Tribe Bicycle Co	Frame manufacturer	10	http://tribebicycles.com/	
860	Trigger Point	Manufacturer	10		
861	Trik Topz	Manufacturer	10		
1287	Trinx	Frame manufacturer	10	http://www.trinx.com/	
326	Triumph Cycle	Frame manufacturer	10		
865	TruVativ	Manufacturer	10		
866	Tubasti	Manufacturer	10		
867	Tufo	Manufacturer	10		
14	Tunturi	Frame manufacturer	10		
1341	Turin	Frame manufacturer	10	http://www.turinbicycle.com/	
328	Turner Bicycles	Frame manufacturer	10	http://www.turnerbikes.com/	
868	Twin Six	Manufacturer	10		
869	TwoFish	Manufacturer	10		
871	UCLEAR	Manufacturer	10		
872	UCO	Manufacturer	10		
873	Uline	Manufacturer	10		
874	Ultimate Survival Technologies	Manufacturer	10		
875	UltraPaws	Manufacturer	10		
1004	Umberto Dei	Frame manufacturer	10	http://umbertodei.it/index.htm	
876	Unior	Manufacturer	10		
329	Univega	Frame manufacturer	100		
877	Unknown	Frame manufacturer	250		
1198	Upland	Frame manufacturer	10	http://www.uplandbicycles.com/	
330	Urago	Frame manufacturer	10		
331	Utopia	Frame manufacturer	10		
891	VP Components	Manufacturer	10		
1248	VSF Fahrradmanufaktur	Frame manufacturer	10	http://www.fahrradmanufaktur.de	
332	Valdora	Frame manufacturer	10		
1272	Van Dessel	Frame manufacturer	10	http://www.vandesselsports.com/	
1047	Van Herwerden	Frame manufacturer	10	http://www.vanherwerden.nl/	
1251	Vanilla	Frame manufacturer	10	http://www.thevanillaworkshop.com/	
1231	Vanmoof	Frame manufacturer	10	http://vanmoof.com/	
878	Vargo	Manufacturer	10		
1055	Vassago	Frame manufacturer	10	http://www.vassagocycles.com/	
880	Vee Rubber	Manufacturer	10		
881	Velo	Manufacturer	10		
882	Velo Orange	Frame manufacturer	10	http://www.velo-orange.com/	
883	Velo Press	Manufacturer	10		
335	Velo Vie	Frame manufacturer	10		
884	Velocity	Manufacturer	10		
333	Velomotors	Frame manufacturer	10		
982	Velorbis	Frame manufacturer	10	http://www.velorbis.com/velorbis-collections/velorbis-bicycles	
885	Velox	Manufacturer	10		
968	Verde	Frame manufacturer	10	http://verdebmx.com/2013completes/	
886	Versa	Manufacturer	10		
981	Vilano	Frame manufacturer	10	http://www.vilanobikes.com	https://files.bikeindex.org/uploads/Ma/981/wwwvilanobikescom.png
337	Villy Customs	Frame manufacturer	10		
887	Vincero Design	Manufacturer	10		
338	Vindec High Riser	Frame manufacturer	10		
956	Virtue	Frame manufacturer	10	http://www.virtuebike.com	
1082	Viscount	Frame manufacturer	10		
888	Vision	Frame manufacturer	10	http://www.visiontechusa.com/	
889	Vittoria	Manufacturer	10		
339	Vitus	Frame manufacturer	10		
1188	Viva	Frame manufacturer	10	http://www.vivabikes.com/	
1192	Vivente	Frame manufacturer	10	http://www.viventebikes.com/	
1249	Volae	Frame manufacturer	10		
1106	Volagi	Frame manufacturer	10	http://www.volagi.com/	
890	Volume	Frame manufacturer	10		
1089	Voodoo	Frame manufacturer	10	http://voodoocycles.net/	
1075	Vortrieb	Frame manufacturer	10	http://www.vortrieb.com/	
334	VéloSoleX	Frame manufacturer	10		
895	WD-40 Bike	Manufacturer	10		
913	WTB	Manufacturer	10		
996	Wabi Cycles	Frame manufacturer	10	http://www.wabicycles.com/index.html	
892	Wahoo Fitness	Manufacturer	10		
893	Wald	Manufacturer	10		
894	Walking Bird	Manufacturer	10		
341	Waterford	Frame manufacturer	10	http://waterfordbikes.com/w/	
342	WeThePeople	Frame manufacturer	10		
1039	WeeRide	Frame manufacturer	10	http://www.weeride.com/	
1118	Weehoo	Frame manufacturer	10	http://rideweehoo.com/	
896	Wellgo	Manufacturer	10		
897	Wheels Manufacturing	Manufacturer	10		
898	Wheelsmith	Manufacturer	10		
899	Where to Bike	Manufacturer	10		
900	Whisky Parts Co	Manufacturer	10		
901	Whispbar	Manufacturer	10		
902	White Bros	Manufacturer	10		
903	White Lightning	Manufacturer	10		
904	Wigwam	Manufacturer	10		
343	Wilderness Trail Bikes	Frame manufacturer	10		
344	Wilier Triestina	Frame manufacturer	10		
905	Williams	Manufacturer	10		
906	Willworx	Manufacturer	10		
907	Win	Manufacturer	10		
946	Windsor	Frame manufacturer	10	http://www.windsorbicycles.com/	
932	Winora	Frame manufacturer	10	http://www.winora.de/	
1052	Winter Bicycles	Frame manufacturer	10	http://www.winterbicycles.com/	
908	Wippermann	Manufacturer	10		
345	Witcomb Cycles	Frame manufacturer	10		
909	Witz	Manufacturer	10		
910	Wooden Bike Coffee	Manufacturer	10		
1254	WordLock	Frame manufacturer	10	http://wordlock.com/	
987	WorkCycles	Frame manufacturer	10	http://www.workcycles.com/	
346	Worksman Cycles	Frame manufacturer	10	http://www.worksmancycles.com/	
912	World Jerseys	Manufacturer	10		
347	Wright Cycle Company	Frame manufacturer	10		
914	X-Fusion	Manufacturer	10		
915	X-Lab	Manufacturer	10		
1077	X-Treme	Frame manufacturer	10	http://www.x-tremescooters.com	
1343	Xds	Frame manufacturer	10	http://www.xdsbicycles.com/	
348	Xootr	Frame manufacturer	10		
916	Xpedo	Manufacturer	10		
1007	Xtracycle	Frame manufacturer	10	http://www.xtracycle.com/	
920	YST	Manufacturer	10		
917	Yakima	Manufacturer	10		
918	Yaktrax	Manufacturer	10		
349	Yamaguchi Bicycles	Frame manufacturer	10	http://www.yamaguchibike.com/content/Index	
350	Yamaha	Frame manufacturer	10		
919	Yankz	Manufacturer	10		
1091	Yeti	Frame manufacturer	100	http://www.yeticycles.com	https://files.bikeindex.org/uploads/Ma/1091/wwwyeticyclescom.png
1003	Yuba	Frame manufacturer	10	http://yubabikes.com/	
921	Yurbuds	Manufacturer	10		
922	Zensah	Manufacturer	10		
351	Zigo	Frame manufacturer	10		
1215	Zinn Cycles	Frame manufacturer	10	http://zinncycles.com	
923	Zipp Speed Weaponry	Manufacturer	10		
924	Zoic	Manufacturer	10		
925	Zoom	Manufacturer	10		
926	Zoot	Manufacturer	10		
1182	Zycle Fix	Frame manufacturer	10	http://zyclefix.com/	
1073	b'Twin	Frame manufacturer	10	http://www.btwin.com/en/home	
1368	beixo	Frame manufacturer	10	http://www.beixo.com/	
1122	de Fietsfabriek 	Frame manufacturer	10	http://www.defietsfabriek.nl/	
1119	di Florino	Frame manufacturer	10		
502	e*thirteen	Manufacturer	10		
507	eGear	Manufacturer	10		
1170	eZip	Frame manufacturer	10	http://www.currietech.com/	
1280	eflow (Currietech)	Frame manufacturer	10	http://www.currietech.com/	
509	elete	Manufacturer	10		
518	epicRIDES	Manufacturer	10		
678	nuun	Manufacturer	10		
1006	sixthreezero	Frame manufacturer	10	http://www.sixthreezero.com/	
1121	van Andel/Bakfiets	Frame manufacturer	10	http://www.bakfiets.nl/	
